변수,역할,원본컬럼,집계방식,집계규칙,최소관측,단위,분류입력후보
거치식예금좌수_기간보유,금융이용,거치식예금좌수,holding,관측요건 충족 + 양수 월 수>=holding-positive-months,2,0/1,True
적립식예금좌수_기간보유,금융이용,적립식예금좌수,holding,관측요건 충족 + 양수 월 수>=holding-positive-months,2,0/1,True
수익증권좌수_기간보유,금융이용,수익증권좌수,holding,관측요건 충족 + 양수 월 수>=holding-positive-months,2,0/1,True
퇴직연금좌수_기간보유,금융이용,퇴직연금좌수,holding,관측요건 충족 + 양수 월 수>=holding-positive-months,2,0/1,True
운전_할인어음좌수_기간보유,금융이용,운전_할인어음좌수,holding,관측요건 충족 + 양수 월 수>=holding-positive-months,2,0/1,True
운전_당좌대출좌수_기간보유,금융이용,운전_당좌대출좌수,holding,관측요건 충족 + 양수 월 수>=holding-positive-months,2,0/1,True
운전_일반자금대출좌수_기간보유,금융이용,운전_일반자금대출좌수,holding,관측요건 충족 + 양수 월 수>=holding-positive-months,2,0/1,True
운전_무역금융좌수_기간보유,금융이용,운전_무역금융좌수,holding,관측요건 충족 + 양수 월 수>=holding-positive-months,2,0/1,True
운전_기업구매자금대출좌수_기간보유,금융이용,운전_기업구매자금대출좌수,holding,관측요건 충족 + 양수 월 수>=holding-positive-months,2,0/1,True
운전_외상매출채권담보대출좌수_기간보유,금융이용,운전_외상매출채권담보대출좌수,holding,관측요건 충족 + 양수 월 수>=holding-positive-months,2,0/1,True
운전_기타운전자금대출좌수_기간보유,금융이용,운전_기타운전자금대출좌수,holding,관측요건 충족 + 양수 월 수>=holding-positive-months,2,0/1,True
시설_일반자금대출좌수_기간보유,금융이용,시설_일반자금대출좌수,holding,관측요건 충족 + 양수 월 수>=holding-positive-months,2,0/1,True
시설_에너지절약시설대출좌수_기간보유,금융이용,시설_에너지절약시설대출좌수,holding,관측요건 충족 + 양수 월 수>=holding-positive-months,2,0/1,True
시설_기타시설자금대출좌수_기간보유,금융이용,시설_기타시설자금대출좌수,holding,관측요건 충족 + 양수 월 수>=holding-positive-months,2,0/1,True
신용카드개수_기간보유,금융이용,신용카드개수,holding,관측요건 충족 + 양수 월 수>=holding-positive-months,2,0/1,True
외환_수출실적거래건수_관측월이용경험,금융이용,외환_수출실적거래건수,activity,관측요건 충족 + 관측월 중 1회 이상 _ord>0; 미관측 달은 모름,2,0/1,True
외환_수입실적거래건수_관측월이용경험,금융이용,외환_수입실적거래건수,activity,관측요건 충족 + 관측월 중 1회 이상 _ord>0; 미관측 달은 모름,2,0/1,True
창구거래건수_관측월이용경험,금융이용,창구거래건수,activity,관측요건 충족 + 관측월 중 1회 이상 _ord>0; 미관측 달은 모름,2,0/1,True
인터넷뱅킹거래건수_관측월이용경험,금융이용,인터넷뱅킹거래건수,activity,관측요건 충족 + 관측월 중 1회 이상 _ord>0; 미관측 달은 모름,2,0/1,True
스마트뱅킹거래건수_관측월이용경험,금융이용,스마트뱅킹거래건수,activity,관측요건 충족 + 관측월 중 1회 이상 _ord>0; 미관측 달은 모름,2,0/1,True
폰뱅킹거래건수_관측월이용경험,금융이용,폰뱅킹거래건수,activity,관측요건 충족 + 관측월 중 1회 이상 _ord>0; 미관측 달은 모름,2,0/1,True
ATM거래건수_관측월이용경험,금융이용,ATM거래건수,activity,관측요건 충족 + 관측월 중 1회 이상 _ord>0; 미관측 달은 모름,2,0/1,True
자동이체거래건수_관측월이용경험,금융이용,자동이체거래건수,activity,관측요건 충족 + 관측월 중 1회 이상 _ord>0; 미관측 달은 모름,2,0/1,True
요구불예금잔액_기간중앙값,금융이용,요구불예금잔액,median,"관측 월 잔액 중앙값, 달별 잔액 합산 금지",2,백만원,False
요구불예금잔액_기준월,금융이용,요구불예금잔액,anchor,기준월 값만; 과거 대체 없음,1,백만원,False
거치식예금잔액_기간중앙값,금융이용,거치식예금잔액,median,"관측 월 잔액 중앙값, 달별 잔액 합산 금지",2,백만원,False
거치식예금잔액_기준월,금융이용,거치식예금잔액,anchor,기준월 값만; 과거 대체 없음,1,백만원,False
적립식예금잔액_기간중앙값,금융이용,적립식예금잔액,median,"관측 월 잔액 중앙값, 달별 잔액 합산 금지",2,백만원,False
적립식예금잔액_기준월,금융이용,적립식예금잔액,anchor,기준월 값만; 과거 대체 없음,1,백만원,False
수익증권잔액_기간중앙값,금융이용,수익증권잔액,median,"관측 월 잔액 중앙값, 달별 잔액 합산 금지",2,백만원,False
수익증권잔액_기준월,금융이용,수익증권잔액,anchor,기준월 값만; 과거 대체 없음,1,백만원,False
퇴직연금잔액_기간중앙값,금융이용,퇴직연금잔액,median,"관측 월 잔액 중앙값, 달별 잔액 합산 금지",2,백만원,False
퇴직연금잔액_기준월,금융이용,퇴직연금잔액,anchor,기준월 값만; 과거 대체 없음,1,백만원,False
여신_운전자금대출잔액_기간중앙값,금융이용,여신_운전자금대출잔액,median,"관측 월 잔액 중앙값, 달별 잔액 합산 금지",2,백만원,False
여신_운전자금대출잔액_기준월,금융이용,여신_운전자금대출잔액,anchor,기준월 값만; 과거 대체 없음,1,백만원,False
여신_시설자금대출잔액_기간중앙값,금융이용,여신_시설자금대출잔액,median,"관측 월 잔액 중앙값, 달별 잔액 합산 금지",2,백만원,False
여신_시설자금대출잔액_기준월,금융이용,여신_시설자금대출잔액,anchor,기준월 값만; 과거 대체 없음,1,백만원,False
요구불입금금액_월중앙값,설명,요구불입금금액,median,관측 월 흐름 중앙값. 당행 거래 규모,2,백만원,False
요구불입금금액_완전기간합계,설명,요구불입금금액,sum,L개월 모두 유효할 때만 흐름 합계,3,백만원,False
요구불출금금액_월중앙값,설명,요구불출금금액,median,관측 월 흐름 중앙값. 당행 거래 규모,2,백만원,False
요구불출금금액_완전기간합계,설명,요구불출금금액,sum,L개월 모두 유효할 때만 흐름 합계,3,백만원,False
외환_수출실적금액_월중앙값,설명,외환_수출실적금액,median,관측 월 흐름 중앙값. 당행 거래 규모,2,백만원,False
외환_수출실적금액_완전기간합계,설명,외환_수출실적금액,sum,L개월 모두 유효할 때만 흐름 합계,3,백만원,False
외환_수입실적금액_월중앙값,설명,외환_수입실적금액,median,관측 월 흐름 중앙값. 당행 거래 규모,2,백만원,False
외환_수입실적금액_완전기간합계,설명,외환_수입실적금액,sum,L개월 모두 유효할 때만 흐름 합계,3,백만원,False
신용카드사용금액_월중앙값,설명,신용카드사용금액,median,관측 월 흐름 중앙값. 당행 거래 규모,2,백만원,False
신용카드사용금액_완전기간합계,설명,신용카드사용금액,sum,L개월 모두 유효할 때만 흐름 합계,3,백만원,False
체크카드사용금액_월중앙값,설명,체크카드사용금액,median,관측 월 흐름 중앙값. 당행 거래 규모,2,백만원,False
체크카드사용금액_완전기간합계,설명,체크카드사용금액,sum,L개월 모두 유효할 때만 흐름 합계,3,백만원,False
현금성자산_기준월,설명,요구불예금잔액 | 거치식예금잔액 | 적립식예금잔액,anchor_sum,같은 기준월 구성 잔액 모두 유효할 때 합산,1,백만원,False
현금성자산_월합산중앙값,설명,요구불예금잔액 | 거치식예금잔액 | 적립식예금잔액,sum_median,같은 달 구성 잔액 합계의 기간 중앙값,2,백만원,False
여신잔액_기준월,설명,여신_운전자금대출잔액 | 여신_시설자금대출잔액,anchor_sum,같은 기준월 구성 잔액 모두 유효할 때 합산,1,백만원,False
여신잔액_월합산중앙값,설명,여신_운전자금대출잔액 | 여신_시설자금대출잔액,sum_median,같은 달 구성 잔액 합계의 기간 중앙값,2,백만원,False
요구불예금잔액_현금성비중,금융이용,요구불예금잔액 | 요구불예금잔액 | 거치식예금잔액 | 적립식예금잔액,ratio,같은 달 분자/현금성자산 비율의 중앙값. 분모>0,2,비율,True
거치식예금잔액_현금성비중,금융이용,거치식예금잔액 | 요구불예금잔액 | 거치식예금잔액 | 적립식예금잔액,ratio,같은 달 분자/현금성자산 비율의 중앙값. 분모>0,2,비율,True
적립식예금잔액_현금성비중,금융이용,적립식예금잔액 | 요구불예금잔액 | 거치식예금잔액 | 적립식예금잔액,ratio,같은 달 분자/현금성자산 비율의 중앙값. 분모>0,2,비율,True
시설자금_여신비중,금융이용,여신_시설자금대출잔액 | 여신_운전자금대출잔액 | 여신_시설자금대출잔액,ratio,같은 달 시설잔액/운전+시설잔액 비율의 중앙값. 분모>0,2,비율,True
보유상품수_기준월,금융이용,거치식예금좌수 | 적립식예금좌수 | 수익증권좌수 | 퇴직연금좌수 | 운전_할인어음좌수 | 운전_당좌대출좌수 | 운전_일반자금대출좌수 | 운전_무역금융좌수 | 운전_기업구매자금대출좌수 | 운전_외상매출채권담보대출좌수 | 운전_기타운전자금대출좌수 | 시설_일반자금대출좌수 | 시설_에너지절약시설대출좌수 | 시설_기타시설자금대출좌수 | 신용카드개수,count,15개 모두 유효할 때 _ord>0 개수,1,영역수,False
이용채널수_기준월,금융이용,외환_수출실적거래건수 | 외환_수입실적거래건수 | 창구거래건수 | 인터넷뱅킹거래건수 | 스마트뱅킹거래건수 | 폰뱅킹거래건수 | ATM거래건수 | 자동이체거래건수,count,8개 모두 유효할 때 _ord>0 개수,1,영역수,False
영역_예금,금융이용,거치식예금좌수 | 적립식예금좌수,domain,영역의 항목별 기간 보유/이용경험 중 하나라도 1. 모두 0이어야 0,구성 항목의 판정 규칙 참조,0/1,False
영역_투자연금,금융이용,수익증권좌수 | 퇴직연금좌수,domain,영역의 항목별 기간 보유/이용경험 중 하나라도 1. 모두 0이어야 0,구성 항목의 판정 규칙 참조,0/1,False
영역_운전자금,금융이용,운전_할인어음좌수 | 운전_당좌대출좌수 | 운전_일반자금대출좌수 | 운전_무역금융좌수 | 운전_기업구매자금대출좌수 | 운전_외상매출채권담보대출좌수 | 운전_기타운전자금대출좌수,domain,영역의 항목별 기간 보유/이용경험 중 하나라도 1. 모두 0이어야 0,구성 항목의 판정 규칙 참조,0/1,False
영역_시설자금,금융이용,시설_일반자금대출좌수 | 시설_에너지절약시설대출좌수 | 시설_기타시설자금대출좌수,domain,영역의 항목별 기간 보유/이용경험 중 하나라도 1. 모두 0이어야 0,구성 항목의 판정 규칙 참조,0/1,False
영역_카드,금융이용,신용카드개수,domain,영역의 항목별 기간 보유/이용경험 중 하나라도 1. 모두 0이어야 0,구성 항목의 판정 규칙 참조,0/1,False
영역_외환,금융이용,외환_수출실적거래건수 | 외환_수입실적거래건수,domain,영역의 항목별 기간 보유/이용경험 중 하나라도 1. 모두 0이어야 0,구성 항목의 판정 규칙 참조,0/1,False
영역_전자금융,금융이용,인터넷뱅킹거래건수 | 스마트뱅킹거래건수 | 폰뱅킹거래건수 | ATM거래건수,domain,영역의 항목별 기간 보유/이용경험 중 하나라도 1. 모두 0이어야 0,구성 항목의 판정 규칙 참조,0/1,False
영역_자동이체,금융이용,자동이체거래건수,domain,영역의 항목별 기간 보유/이용경험 중 하나라도 1. 모두 0이어야 0,구성 항목의 판정 규칙 참조,0/1,False
영역_창구,금융이용,창구거래건수,domain,영역의 항목별 기간 보유/이용경험 중 하나라도 1. 모두 0이어야 0,구성 항목의 판정 규칙 참조,0/1,False
상품서비스영역수,금융이용,예금 | 투자연금 | 운전자금 | 시설자금 | 카드 | 외환 | 전자금융 | 자동이체 | 창구,domain_count,9개 영역 모두 판정 가능할 때만 합계; 요구불 기본계좌 제외,구성 항목의 판정 규칙 참조,영역수,False
업종_대분류_기준월,설명,업종_대분류,category,정확히 기준월의 범주. 이전 값으로 채우지 않음,1,범주,False
업종_중분류_기준월,설명,업종_중분류,category,정확히 기준월의 범주. 이전 값으로 채우지 않음,1,범주,False
사업장_시도_기준월,설명,사업장_시도,category,정확히 기준월의 범주. 이전 값으로 채우지 않음,1,범주,False
사업장_시군구_기준월,설명,사업장_시군구,category,정확히 기준월의 범주. 이전 값으로 채우지 않음,1,범주,False
법인_고객등급_기준월,설명,법인_고객등급,category,정확히 기준월의 범주. 이전 값으로 채우지 않음,1,범주,False
전담고객여부_기준월,설명,전담고객여부,category,정확히 기준월의 범주. 이전 값으로 채우지 않음,1,범주,False
법인ID,식별기준,,,ID는 문자열; 월은 달력 월. 요약은 기준월 포함 L개월,,,False
대상범위,설명,,,법인 한 행을 설명하는 메타 정보; 분류입력에서 제외,,,False
월별자료매칭,설명,,,법인 한 행을 설명하는 메타 정보; 분류입력에서 제외,,,False
기준월,식별기준,,,ID는 문자열; 월은 달력 월. 요약은 기준월 포함 L개월,,,False
요약시작월,식별기준,,,ID는 문자열; 월은 달력 월. 요약은 기준월 포함 L개월,,,False
요약종료월,식별기준,,,ID는 문자열; 월은 달력 월. 요약은 기준월 포함 L개월,,,False
분석방식,설명,,,법인 한 행을 설명하는 메타 정보; 분류입력에서 제외,,,False
해석,설명,,,법인 한 행을 설명하는 메타 정보; 분류입력에서 제외,,,False
관측개월수,설명,,,법인 한 행을 설명하는 메타 정보; 분류입력에서 제외,,,False
관측률,설명,,,법인 한 행을 설명하는 메타 정보; 분류입력에서 제외,,,False
계산상태,설명,,,법인 한 행을 설명하는 메타 정보; 분류입력에서 제외,,,False
거치식예금좌수_기간보유__유효수,설명,,,해당 변수의 유효 달 수 (기준월 변수는 0/1),,개,False
거치식예금좌수_기간보유__사유,설명,,,결측 이유. 빈 문자열은 계산 가능,,,False
적립식예금좌수_기간보유__유효수,설명,,,해당 변수의 유효 달 수 (기준월 변수는 0/1),,개,False
적립식예금좌수_기간보유__사유,설명,,,결측 이유. 빈 문자열은 계산 가능,,,False
수익증권좌수_기간보유__유효수,설명,,,해당 변수의 유효 달 수 (기준월 변수는 0/1),,개,False
수익증권좌수_기간보유__사유,설명,,,결측 이유. 빈 문자열은 계산 가능,,,False
퇴직연금좌수_기간보유__유효수,설명,,,해당 변수의 유효 달 수 (기준월 변수는 0/1),,개,False
퇴직연금좌수_기간보유__사유,설명,,,결측 이유. 빈 문자열은 계산 가능,,,False
운전_할인어음좌수_기간보유__유효수,설명,,,해당 변수의 유효 달 수 (기준월 변수는 0/1),,개,False
운전_할인어음좌수_기간보유__사유,설명,,,결측 이유. 빈 문자열은 계산 가능,,,False
운전_당좌대출좌수_기간보유__유효수,설명,,,해당 변수의 유효 달 수 (기준월 변수는 0/1),,개,False
운전_당좌대출좌수_기간보유__사유,설명,,,결측 이유. 빈 문자열은 계산 가능,,,False
운전_일반자금대출좌수_기간보유__유효수,설명,,,해당 변수의 유효 달 수 (기준월 변수는 0/1),,개,False
운전_일반자금대출좌수_기간보유__사유,설명,,,결측 이유. 빈 문자열은 계산 가능,,,False
운전_무역금융좌수_기간보유__유효수,설명,,,해당 변수의 유효 달 수 (기준월 변수는 0/1),,개,False
운전_무역금융좌수_기간보유__사유,설명,,,결측 이유. 빈 문자열은 계산 가능,,,False
운전_기업구매자금대출좌수_기간보유__유효수,설명,,,해당 변수의 유효 달 수 (기준월 변수는 0/1),,개,False
운전_기업구매자금대출좌수_기간보유__사유,설명,,,결측 이유. 빈 문자열은 계산 가능,,,False
운전_외상매출채권담보대출좌수_기간보유__유효수,설명,,,해당 변수의 유효 달 수 (기준월 변수는 0/1),,개,False
운전_외상매출채권담보대출좌수_기간보유__사유,설명,,,결측 이유. 빈 문자열은 계산 가능,,,False
운전_기타운전자금대출좌수_기간보유__유효수,설명,,,해당 변수의 유효 달 수 (기준월 변수는 0/1),,개,False
운전_기타운전자금대출좌수_기간보유__사유,설명,,,결측 이유. 빈 문자열은 계산 가능,,,False
시설_일반자금대출좌수_기간보유__유효수,설명,,,해당 변수의 유효 달 수 (기준월 변수는 0/1),,개,False
시설_일반자금대출좌수_기간보유__사유,설명,,,결측 이유. 빈 문자열은 계산 가능,,,False
시설_에너지절약시설대출좌수_기간보유__유효수,설명,,,해당 변수의 유효 달 수 (기준월 변수는 0/1),,개,False
시설_에너지절약시설대출좌수_기간보유__사유,설명,,,결측 이유. 빈 문자열은 계산 가능,,,False
시설_기타시설자금대출좌수_기간보유__유효수,설명,,,해당 변수의 유효 달 수 (기준월 변수는 0/1),,개,False
시설_기타시설자금대출좌수_기간보유__사유,설명,,,결측 이유. 빈 문자열은 계산 가능,,,False
신용카드개수_기간보유__유효수,설명,,,해당 변수의 유효 달 수 (기준월 변수는 0/1),,개,False
신용카드개수_기간보유__사유,설명,,,결측 이유. 빈 문자열은 계산 가능,,,False
외환_수출실적거래건수_관측월이용경험__유효수,설명,,,해당 변수의 유효 달 수 (기준월 변수는 0/1),,개,False
외환_수출실적거래건수_관측월이용경험__사유,설명,,,결측 이유. 빈 문자열은 계산 가능,,,False
외환_수입실적거래건수_관측월이용경험__유효수,설명,,,해당 변수의 유효 달 수 (기준월 변수는 0/1),,개,False
외환_수입실적거래건수_관측월이용경험__사유,설명,,,결측 이유. 빈 문자열은 계산 가능,,,False
창구거래건수_관측월이용경험__유효수,설명,,,해당 변수의 유효 달 수 (기준월 변수는 0/1),,개,False
창구거래건수_관측월이용경험__사유,설명,,,결측 이유. 빈 문자열은 계산 가능,,,False
인터넷뱅킹거래건수_관측월이용경험__유효수,설명,,,해당 변수의 유효 달 수 (기준월 변수는 0/1),,개,False
인터넷뱅킹거래건수_관측월이용경험__사유,설명,,,결측 이유. 빈 문자열은 계산 가능,,,False
스마트뱅킹거래건수_관측월이용경험__유효수,설명,,,해당 변수의 유효 달 수 (기준월 변수는 0/1),,개,False
스마트뱅킹거래건수_관측월이용경험__사유,설명,,,결측 이유. 빈 문자열은 계산 가능,,,False
폰뱅킹거래건수_관측월이용경험__유효수,설명,,,해당 변수의 유효 달 수 (기준월 변수는 0/1),,개,False
폰뱅킹거래건수_관측월이용경험__사유,설명,,,결측 이유. 빈 문자열은 계산 가능,,,False
ATM거래건수_관측월이용경험__유효수,설명,,,해당 변수의 유효 달 수 (기준월 변수는 0/1),,개,False
ATM거래건수_관측월이용경험__사유,설명,,,결측 이유. 빈 문자열은 계산 가능,,,False
자동이체거래건수_관측월이용경험__유효수,설명,,,해당 변수의 유효 달 수 (기준월 변수는 0/1),,개,False
자동이체거래건수_관측월이용경험__사유,설명,,,결측 이유. 빈 문자열은 계산 가능,,,False
요구불예금잔액_기간중앙값__유효수,설명,,,해당 변수의 유효 달 수 (기준월 변수는 0/1),,개,False
요구불예금잔액_기간중앙값__사유,설명,,,결측 이유. 빈 문자열은 계산 가능,,,False
요구불예금잔액_기준월__유효수,설명,,,해당 변수의 유효 달 수 (기준월 변수는 0/1),,개,False
요구불예금잔액_기준월__사유,설명,,,결측 이유. 빈 문자열은 계산 가능,,,False
거치식예금잔액_기간중앙값__유효수,설명,,,해당 변수의 유효 달 수 (기준월 변수는 0/1),,개,False
거치식예금잔액_기간중앙값__사유,설명,,,결측 이유. 빈 문자열은 계산 가능,,,False
거치식예금잔액_기준월__유효수,설명,,,해당 변수의 유효 달 수 (기준월 변수는 0/1),,개,False
거치식예금잔액_기준월__사유,설명,,,결측 이유. 빈 문자열은 계산 가능,,,False
적립식예금잔액_기간중앙값__유효수,설명,,,해당 변수의 유효 달 수 (기준월 변수는 0/1),,개,False
적립식예금잔액_기간중앙값__사유,설명,,,결측 이유. 빈 문자열은 계산 가능,,,False
적립식예금잔액_기준월__유효수,설명,,,해당 변수의 유효 달 수 (기준월 변수는 0/1),,개,False
적립식예금잔액_기준월__사유,설명,,,결측 이유. 빈 문자열은 계산 가능,,,False
수익증권잔액_기간중앙값__유효수,설명,,,해당 변수의 유효 달 수 (기준월 변수는 0/1),,개,False
수익증권잔액_기간중앙값__사유,설명,,,결측 이유. 빈 문자열은 계산 가능,,,False
수익증권잔액_기준월__유효수,설명,,,해당 변수의 유효 달 수 (기준월 변수는 0/1),,개,False
수익증권잔액_기준월__사유,설명,,,결측 이유. 빈 문자열은 계산 가능,,,False
퇴직연금잔액_기간중앙값__유효수,설명,,,해당 변수의 유효 달 수 (기준월 변수는 0/1),,개,False
퇴직연금잔액_기간중앙값__사유,설명,,,결측 이유. 빈 문자열은 계산 가능,,,False
퇴직연금잔액_기준월__유효수,설명,,,해당 변수의 유효 달 수 (기준월 변수는 0/1),,개,False
퇴직연금잔액_기준월__사유,설명,,,결측 이유. 빈 문자열은 계산 가능,,,False
여신_운전자금대출잔액_기간중앙값__유효수,설명,,,해당 변수의 유효 달 수 (기준월 변수는 0/1),,개,False
여신_운전자금대출잔액_기간중앙값__사유,설명,,,결측 이유. 빈 문자열은 계산 가능,,,False
여신_운전자금대출잔액_기준월__유효수,설명,,,해당 변수의 유효 달 수 (기준월 변수는 0/1),,개,False
여신_운전자금대출잔액_기준월__사유,설명,,,결측 이유. 빈 문자열은 계산 가능,,,False
여신_시설자금대출잔액_기간중앙값__유효수,설명,,,해당 변수의 유효 달 수 (기준월 변수는 0/1),,개,False
여신_시설자금대출잔액_기간중앙값__사유,설명,,,결측 이유. 빈 문자열은 계산 가능,,,False
여신_시설자금대출잔액_기준월__유효수,설명,,,해당 변수의 유효 달 수 (기준월 변수는 0/1),,개,False
여신_시설자금대출잔액_기준월__사유,설명,,,결측 이유. 빈 문자열은 계산 가능,,,False
요구불입금금액_월중앙값__유효수,설명,,,해당 변수의 유효 달 수 (기준월 변수는 0/1),,개,False
요구불입금금액_월중앙값__사유,설명,,,결측 이유. 빈 문자열은 계산 가능,,,False
요구불입금금액_완전기간합계__유효수,설명,,,해당 변수의 유효 달 수 (기준월 변수는 0/1),,개,False
요구불입금금액_완전기간합계__사유,설명,,,결측 이유. 빈 문자열은 계산 가능,,,False
요구불출금금액_월중앙값__유효수,설명,,,해당 변수의 유효 달 수 (기준월 변수는 0/1),,개,False
요구불출금금액_월중앙값__사유,설명,,,결측 이유. 빈 문자열은 계산 가능,,,False
요구불출금금액_완전기간합계__유효수,설명,,,해당 변수의 유효 달 수 (기준월 변수는 0/1),,개,False
요구불출금금액_완전기간합계__사유,설명,,,결측 이유. 빈 문자열은 계산 가능,,,False
외환_수출실적금액_월중앙값__유효수,설명,,,해당 변수의 유효 달 수 (기준월 변수는 0/1),,개,False
외환_수출실적금액_월중앙값__사유,설명,,,결측 이유. 빈 문자열은 계산 가능,,,False
외환_수출실적금액_완전기간합계__유효수,설명,,,해당 변수의 유효 달 수 (기준월 변수는 0/1),,개,False
외환_수출실적금액_완전기간합계__사유,설명,,,결측 이유. 빈 문자열은 계산 가능,,,False
외환_수입실적금액_월중앙값__유효수,설명,,,해당 변수의 유효 달 수 (기준월 변수는 0/1),,개,False
외환_수입실적금액_월중앙값__사유,설명,,,결측 이유. 빈 문자열은 계산 가능,,,False
외환_수입실적금액_완전기간합계__유효수,설명,,,해당 변수의 유효 달 수 (기준월 변수는 0/1),,개,False
외환_수입실적금액_완전기간합계__사유,설명,,,결측 이유. 빈 문자열은 계산 가능,,,False
신용카드사용금액_월중앙값__유효수,설명,,,해당 변수의 유효 달 수 (기준월 변수는 0/1),,개,False
신용카드사용금액_월중앙값__사유,설명,,,결측 이유. 빈 문자열은 계산 가능,,,False
신용카드사용금액_완전기간합계__유효수,설명,,,해당 변수의 유효 달 수 (기준월 변수는 0/1),,개,False
신용카드사용금액_완전기간합계__사유,설명,,,결측 이유. 빈 문자열은 계산 가능,,,False
체크카드사용금액_월중앙값__유효수,설명,,,해당 변수의 유효 달 수 (기준월 변수는 0/1),,개,False
체크카드사용금액_월중앙값__사유,설명,,,결측 이유. 빈 문자열은 계산 가능,,,False
체크카드사용금액_완전기간합계__유효수,설명,,,해당 변수의 유효 달 수 (기준월 변수는 0/1),,개,False
체크카드사용금액_완전기간합계__사유,설명,,,결측 이유. 빈 문자열은 계산 가능,,,False
현금성자산_기준월__유효수,설명,,,해당 변수의 유효 달 수 (기준월 변수는 0/1),,개,False
현금성자산_기준월__사유,설명,,,결측 이유. 빈 문자열은 계산 가능,,,False
현금성자산_월합산중앙값__유효수,설명,,,해당 변수의 유효 달 수 (기준월 변수는 0/1),,개,False
현금성자산_월합산중앙값__사유,설명,,,결측 이유. 빈 문자열은 계산 가능,,,False
여신잔액_기준월__유효수,설명,,,해당 변수의 유효 달 수 (기준월 변수는 0/1),,개,False
여신잔액_기준월__사유,설명,,,결측 이유. 빈 문자열은 계산 가능,,,False
여신잔액_월합산중앙값__유효수,설명,,,해당 변수의 유효 달 수 (기준월 변수는 0/1),,개,False
여신잔액_월합산중앙값__사유,설명,,,결측 이유. 빈 문자열은 계산 가능,,,False
요구불예금잔액_현금성비중__유효수,설명,,,해당 변수의 유효 달 수 (기준월 변수는 0/1),,개,False
요구불예금잔액_현금성비중__사유,설명,,,결측 이유. 빈 문자열은 계산 가능,,,False
거치식예금잔액_현금성비중__유효수,설명,,,해당 변수의 유효 달 수 (기준월 변수는 0/1),,개,False
거치식예금잔액_현금성비중__사유,설명,,,결측 이유. 빈 문자열은 계산 가능,,,False
적립식예금잔액_현금성비중__유효수,설명,,,해당 변수의 유효 달 수 (기준월 변수는 0/1),,개,False
적립식예금잔액_현금성비중__사유,설명,,,결측 이유. 빈 문자열은 계산 가능,,,False
시설자금_여신비중__유효수,설명,,,해당 변수의 유효 달 수 (기준월 변수는 0/1),,개,False
시설자금_여신비중__사유,설명,,,결측 이유. 빈 문자열은 계산 가능,,,False
보유상품수_기준월__유효수,설명,,,해당 변수의 유효 달 수 (기준월 변수는 0/1),,개,False
보유상품수_기준월__사유,설명,,,결측 이유. 빈 문자열은 계산 가능,,,False
이용채널수_기준월__유효수,설명,,,해당 변수의 유효 달 수 (기준월 변수는 0/1),,개,False
이용채널수_기준월__사유,설명,,,결측 이유. 빈 문자열은 계산 가능,,,False
영역_예금__유효수,설명,,,영역 구성 항목 중 판정 가능한 항목 수,,개,False
영역_예금__사유,설명,,,결측 이유. 빈 문자열은 계산 가능,,,False
영역_투자연금__유효수,설명,,,영역 구성 항목 중 판정 가능한 항목 수,,개,False
영역_투자연금__사유,설명,,,결측 이유. 빈 문자열은 계산 가능,,,False
영역_운전자금__유효수,설명,,,영역 구성 항목 중 판정 가능한 항목 수,,개,False
영역_운전자금__사유,설명,,,결측 이유. 빈 문자열은 계산 가능,,,False
영역_시설자금__유효수,설명,,,영역 구성 항목 중 판정 가능한 항목 수,,개,False
영역_시설자금__사유,설명,,,결측 이유. 빈 문자열은 계산 가능,,,False
영역_카드__유효수,설명,,,영역 구성 항목 중 판정 가능한 항목 수,,개,False
영역_카드__사유,설명,,,결측 이유. 빈 문자열은 계산 가능,,,False
영역_외환__유효수,설명,,,영역 구성 항목 중 판정 가능한 항목 수,,개,False
영역_외환__사유,설명,,,결측 이유. 빈 문자열은 계산 가능,,,False
영역_전자금융__유효수,설명,,,영역 구성 항목 중 판정 가능한 항목 수,,개,False
영역_전자금융__사유,설명,,,결측 이유. 빈 문자열은 계산 가능,,,False
영역_자동이체__유효수,설명,,,영역 구성 항목 중 판정 가능한 항목 수,,개,False
영역_자동이체__사유,설명,,,결측 이유. 빈 문자열은 계산 가능,,,False
영역_창구__유효수,설명,,,영역 구성 항목 중 판정 가능한 항목 수,,개,False
영역_창구__사유,설명,,,결측 이유. 빈 문자열은 계산 가능,,,False
상품서비스영역수__유효수,설명,,,영역 구성 항목 중 판정 가능한 항목 수,,개,False
상품서비스영역수__사유,설명,,,결측 이유. 빈 문자열은 계산 가능,,,False
업종_대분류_기준월__유효수,설명,,,해당 변수의 유효 달 수 (기준월 변수는 0/1),,개,False
업종_대분류_기준월__사유,설명,,,결측 이유. 빈 문자열은 계산 가능,,,False
업종_중분류_기준월__유효수,설명,,,해당 변수의 유효 달 수 (기준월 변수는 0/1),,개,False
업종_중분류_기준월__사유,설명,,,결측 이유. 빈 문자열은 계산 가능,,,False
사업장_시도_기준월__유효수,설명,,,해당 변수의 유효 달 수 (기준월 변수는 0/1),,개,False
사업장_시도_기준월__사유,설명,,,결측 이유. 빈 문자열은 계산 가능,,,False
사업장_시군구_기준월__유효수,설명,,,해당 변수의 유효 달 수 (기준월 변수는 0/1),,개,False
사업장_시군구_기준월__사유,설명,,,결측 이유. 빈 문자열은 계산 가능,,,False
법인_고객등급_기준월__유효수,설명,,,해당 변수의 유효 달 수 (기준월 변수는 0/1),,개,False
법인_고객등급_기준월__사유,설명,,,결측 이유. 빈 문자열은 계산 가능,,,False
전담고객여부_기준월__유효수,설명,,,해당 변수의 유효 달 수 (기준월 변수는 0/1),,개,False
전담고객여부_기준월__사유,설명,,,결측 이유. 빈 문자열은 계산 가능,,,False
기준월까지_최초에피소드월,설명,,,에피소드 대표월<=법인별 기준월인 사건만 집계. 신호 월 수가 아님,,,False
기준월까지_최근에피소드월,설명,,,에피소드 대표월<=법인별 기준월인 사건만 집계. 신호 월 수가 아님,,,False
기준월까지_에피소드수,설명,,,에피소드 대표월<=법인별 기준월인 사건만 집계. 신호 월 수가 아님,,,False
기준월까지_반복신호,설명,,,에피소드 대표월<=법인별 기준월인 사건만 집계. 신호 월 수가 아님,,,False
사후설명_전체탐지기간_최초에피소드월,사후설명,,,전체 탐지기간 202403~202506 이력. 기준월 이후를 포함할 수 있어 분류입력 금지,,,False
사후설명_전체탐지기간_최근에피소드월,사후설명,,,전체 탐지기간 202403~202506 이력. 기준월 이후를 포함할 수 있어 분류입력 금지,,,False
사후설명_전체탐지기간_에피소드수,사후설명,,,전체 탐지기간 202403~202506 이력. 기준월 이후를 포함할 수 있어 분류입력 금지,,,False
사후설명_전체탐지기간_반복신호,사후설명,,,전체 탐지기간 202403~202506 이력. 기준월 이후를 포함할 수 있어 분류입력 금지,,,False
설명_기준월까지최근사건감소율,설명,,,법인 한 행을 설명하는 메타 정보; 분류입력에서 제외,,,False
설명_기준월까지첫관측월,설명,,,법인 한 행을 설명하는 메타 정보; 분류입력에서 제외,,,False
설명_기준월까지관측개월수,설명,,,법인 한 행을 설명하는 메타 정보; 분류입력에서 제외,,,False
설명_기준월까지달력노출개월수,설명,,,첫 관측월부터 기준월까지 달력월 수; 중간 공백 포함. 실제 은행 거래기간 아님,,,False
설명_신호판정가능개월수,설명,,,"기존 탐지기의 eligible인 달 수; 202403~min(기준월,202506). 월별 미제공이면 미확인",,,False
