변수,이용법인,미이용법인,미판정법인,유효분모,전체법인,이용비율,CI하한,CI상한,표시
거치식예금좌수_기간보유,420,5521,0,5941,5941,0.0706951691634405,0.06362565224709645,0.07725972058575997,공개
적립식예금좌수_기간보유,304,5637,0,5941,5941,0.051169836727823596,0.04561521629355327,0.0558828480053863,공개
수익증권좌수_기간보유,105,5836,0,5941,5941,0.017673792290860125,0.014307355664029625,0.02120855074903215,공개
퇴직연금좌수_기간보유,1194,4747,0,5941,5941,0.20097626662178084,0.19037199124726478,0.212253829321663,공개
운전_할인어음좌수_기간보유,195,5746,0,5941,5941,0.03282275711159737,0.028446389496717725,0.03669415923245245,공개
운전_당좌대출좌수_기간보유,57,5884,0,5941,5941,0.009594344386466926,0.0074061605790271,0.012287493687931325,공개
운전_일반자금대출좌수_기간보유,4952,989,0,5941,5941,0.8335297088032317,0.8229254334287157,0.8424507658643327,공개
운전_무역금융좌수_기간보유,96,5845,0,5941,5941,0.0161588958087864,0.01312910284463895,0.01918868877293385,공개
운전_기업구매자금대출좌수_기간보유,147,5794,0,5941,5941,0.024743309207204175,0.020703585255007574,0.0289513549907423,공개
운전_외상매출채권담보대출좌수_기간보유,106,5835,0,5941,5941,0.01784211412220165,0.01447567749537115,0.0215451944117152,공개
운전_기타운전자금대출좌수_기간보유,423,5518,0,5941,5941,0.07120013465746507,0.06345733041575492,0.0767547550917354,공개
시설_일반자금대출좌수_기간보유,1875,4066,0,5941,5941,0.3156034337653594,0.3043258710654772,0.3257027436458509,공개
시설_에너지절약시설대출좌수_기간보유,92,5849,0,5941,5941,0.0154856084834203,0.012624137350614375,0.018347079616226225,공개
시설_기타시설자금대출좌수_기간보유,261,5680,0,5941,5941,0.04393199798013803,0.0390506648712338,0.04814004376367615,공개
신용카드개수_기간보유,4881,1060,0,5941,5941,0.8215788587779835,0.811816192560175,0.8311732031644504,공개
외환_수출실적거래건수_관측월이용경험,194,5747,0,5941,5941,0.03265443528025585,0.027773102171351625,0.03736744655781855,공개
외환_수입실적거래건수_관측월이용경험,271,5670,0,5941,5941,0.04561521629355327,0.0390506648712338,0.05150648039050665,공개
창구거래건수_관측월이용경험,1683,4258,0,5941,5941,0.28328564214778656,0.2711664702911968,0.29405823935364417,공개
인터넷뱅킹거래건수_관측월이용경험,4576,1365,0,5941,5941,0.7702407002188184,0.7599730685069853,0.7808449755933344,공개
스마트뱅킹거래건수_관측월이용경험,2004,3937,0,5941,5941,0.3373169500084161,0.32603938730853393,0.34977276552768893,공개
폰뱅킹거래건수_관측월이용경험,415,5526,0,5941,5941,0.06985356000673287,0.06413061774112103,0.07658643326039387,공개
ATM거래건수_관측월이용경험,2655,3286,0,5941,5941,0.4468944622117489,0.4351119340178421,0.45901363406833867,공개
자동이체거래건수_관측월이용경험,5741,200,0,5941,5941,0.966335633731695,0.9616226224541323,0.9700387140212086,공개
영역_예금,642,5299,0,5941,5941,0.10806261572125905,0.100993098804915,0.11563709813162767,공개
영역_투자연금,1258,4683,0,5941,5941,0.21174886382763844,0.20013465746507322,0.22235313920215452,공개
영역_운전자금,5213,728,0,5941,5941,0.8774617067833698,0.8676990405655614,0.8850361891937384,공개
영역_시설자금,1999,3942,0,5941,5941,0.3364753408517085,0.32502945632048474,0.34758458172024914,공개
영역_카드,4881,1060,0,5941,5941,0.8215788587779835,0.811816192560175,0.8311732031644504,공개
영역_외환,398,5543,0,5941,5941,0.06699208887392695,0.05975425012624137,0.07355664029624642,공개
영역_전자금융,5172,769,0,5941,5941,0.8705605116983672,0.862144420131291,0.8793132469281266,공개
영역_자동이체,5741,200,0,5941,5941,0.966335633731695,0.9616226224541323,0.9700387140212086,공개
영역_창구,1683,4258,0,5941,5941,0.28328564214778656,0.2711664702911968,0.29405823935364417,공개
