변수,범주,법인수,분모_전체법인,비율,표시
전체탐지기간_법인별에피소드수,1,3995.0,5941,0.6724457162093923,공개
전체탐지기간_법인별에피소드수,2,1675.0,5941,0.2819390674970544,공개
전체탐지기간_법인별에피소드수,3,253.0,5941,0.042585423329405826,공개
전체탐지기간_법인별에피소드수,4,18.0,5941,0.0030297929641474497,공개
전체탐지기간_반복신호,0,3995.0,5941,0.6724457162093923,공개
전체탐지기간_반복신호,1,1946.0,5941,0.32755428379060764,공개
업종_대분류_기준월,(소수 범주 포함),,5941,,분포 전체 보완 억제
업종_중분류_기준월,(소수 범주 포함),,5941,,분포 전체 보완 억제
사업장_시도_기준월,대구,2324.0,5941,0.39117993603770407,공개
사업장_시도_기준월,경북,1816.0,5941,0.3056724457162094,공개
사업장_시도_기준월,수도권,625.0,5941,0.10520114458845312,공개
사업장_시도_기준월,부울경,556.0,5941,0.0935869382258879,공개
사업장_시도_기준월,(미관측/미판정),349.0,5941,0.058744319138192225,공개
사업장_시도_기준월,,185.0,5941,0.031139538798182126,공개
사업장_시도_기준월,기타,86.0,5941,0.01447567749537115,공개
사업장_시군구_기준월,(소수 범주 포함),,5941,,분포 전체 보완 억제
법인_고객등급_기준월,최우수,2136.0,5941,0.3595354317454974,공개
법인_고객등급_기준월,우수,1966.0,5941,0.33092072041743814,공개
법인_고객등급_기준월,일반,1490.0,5941,0.25079952869887223,공개
법인_고객등급_기준월,(미관측/미판정),349.0,5941,0.058744319138192225,공개
전담고객여부_기준월,Y,4479.0,5941,0.7539134825786905,공개
전담고객여부_기준월,N,1113.0,5941,0.18734219828311732,공개
전담고객여부_기준월,(미관측/미판정),349.0,5941,0.058744319138192225,공개
기준월까지_에피소드수,1,5941.0,5941,1.0,공개
기준월까지_반복신호,0,5941.0,5941,1.0,공개
사후설명_전체탐지기간_에피소드수,1,3995.0,5941,0.6724457162093923,공개
사후설명_전체탐지기간_에피소드수,2,1675.0,5941,0.2819390674970544,공개
사후설명_전체탐지기간_에피소드수,3,253.0,5941,0.042585423329405826,공개
사후설명_전체탐지기간_에피소드수,4,18.0,5941,0.0030297929641474497,공개
사후설명_전체탐지기간_반복신호,0,3995.0,5941,0.6724457162093923,공개
사후설명_전체탐지기간_반복신호,1,1946.0,5941,0.32755428379060764,공개
