변수,단위,전체법인,유효법인_분모,미관측법인,결측률,표시,P10,P25,P50,P75,P90,P95,중앙값_CI하한,중앙값_CI상한
거치식예금좌수_기간보유,0/1,5941,5941,0,0.0,공개,0.0,0.0,0.0,0.0,0.0,1.0,,
적립식예금좌수_기간보유,0/1,5941,5941,0,0.0,공개,0.0,0.0,0.0,0.0,0.0,1.0,,
수익증권좌수_기간보유,0/1,5941,5941,0,0.0,공개,0.0,0.0,0.0,0.0,0.0,0.0,,
퇴직연금좌수_기간보유,0/1,5941,5941,0,0.0,공개,0.0,0.0,0.0,0.0,1.0,1.0,,
운전_할인어음좌수_기간보유,0/1,5941,5941,0,0.0,공개,0.0,0.0,0.0,0.0,0.0,0.0,,
운전_당좌대출좌수_기간보유,0/1,5941,5941,0,0.0,공개,0.0,0.0,0.0,0.0,0.0,0.0,,
운전_일반자금대출좌수_기간보유,0/1,5941,5941,0,0.0,공개,0.0,1.0,1.0,1.0,1.0,1.0,,
운전_무역금융좌수_기간보유,0/1,5941,5941,0,0.0,공개,0.0,0.0,0.0,0.0,0.0,0.0,,
운전_기업구매자금대출좌수_기간보유,0/1,5941,5941,0,0.0,공개,0.0,0.0,0.0,0.0,0.0,0.0,,
운전_외상매출채권담보대출좌수_기간보유,0/1,5941,5941,0,0.0,공개,0.0,0.0,0.0,0.0,0.0,0.0,,
운전_기타운전자금대출좌수_기간보유,0/1,5941,5941,0,0.0,공개,0.0,0.0,0.0,0.0,0.0,1.0,,
시설_일반자금대출좌수_기간보유,0/1,5941,5941,0,0.0,공개,0.0,0.0,0.0,1.0,1.0,1.0,,
시설_에너지절약시설대출좌수_기간보유,0/1,5941,5941,0,0.0,공개,0.0,0.0,0.0,0.0,0.0,0.0,,
시설_기타시설자금대출좌수_기간보유,0/1,5941,5941,0,0.0,공개,0.0,0.0,0.0,0.0,0.0,0.0,,
신용카드개수_기간보유,0/1,5941,5941,0,0.0,공개,0.0,1.0,1.0,1.0,1.0,1.0,,
외환_수출실적거래건수_관측월이용경험,0/1,5941,5941,0,0.0,공개,0.0,0.0,0.0,0.0,0.0,0.0,,
외환_수입실적거래건수_관측월이용경험,0/1,5941,5941,0,0.0,공개,0.0,0.0,0.0,0.0,0.0,0.0,,
창구거래건수_관측월이용경험,0/1,5941,5941,0,0.0,공개,0.0,0.0,0.0,1.0,1.0,1.0,,
인터넷뱅킹거래건수_관측월이용경험,0/1,5941,5941,0,0.0,공개,0.0,1.0,1.0,1.0,1.0,1.0,,
스마트뱅킹거래건수_관측월이용경험,0/1,5941,5941,0,0.0,공개,0.0,0.0,0.0,1.0,1.0,1.0,,
폰뱅킹거래건수_관측월이용경험,0/1,5941,5941,0,0.0,공개,0.0,0.0,0.0,0.0,0.0,1.0,,
ATM거래건수_관측월이용경험,0/1,5941,5941,0,0.0,공개,0.0,0.0,0.0,1.0,1.0,1.0,,
자동이체거래건수_관측월이용경험,0/1,5941,5941,0,0.0,공개,1.0,1.0,1.0,1.0,1.0,1.0,,
요구불예금잔액_기간중앙값,백만원,5941,5941,0,0.0,공개,0.0,0.32,5.0,39.4,160.0,350.0,4.5,5.6025
요구불예금잔액_기준월,백만원,5941,5592,349,0.058744319138192225,공개,0.0,0.23,4.1,33.0,140.0,320.0,3.8,4.55
거치식예금잔액_기간중앙값,백만원,5941,5941,0,0.0,공개,0.0,0.0,0.0,0.0,0.0,10.0,0.0,0.0
거치식예금잔액_기준월,백만원,5941,5592,349,0.058744319138192225,공개,0.0,0.0,0.0,0.0,0.0,0.4499999999998181,0.0,0.0
적립식예금잔액_기간중앙값,백만원,5941,5941,0,0.0,공개,0.0,0.0,0.0,0.0,0.0,0.0,0.0,0.0
적립식예금잔액_기준월,백만원,5941,5592,349,0.058744319138192225,공개,0.0,0.0,0.0,0.0,0.0,0.0,0.0,0.0
수익증권잔액_기간중앙값,백만원,5941,5941,0,0.0,공개,0.0,0.0,0.0,0.0,0.0,0.0,0.0,0.0
수익증권잔액_기준월,백만원,5941,5592,349,0.058744319138192225,공개,0.0,0.0,0.0,0.0,0.0,0.0,0.0,0.0
퇴직연금잔액_기간중앙값,백만원,5941,5941,0,0.0,공개,0.0,0.0,0.0,0.0,64.0,210.0,0.0,0.0
퇴직연금잔액_기준월,백만원,5941,5592,349,0.058744319138192225,공개,0.0,0.0,0.0,0.0,66.90000000000055,220.0,0.0,0.0
여신_운전자금대출잔액_기간중앙값,백만원,5941,5941,0,0.0,공개,0.0,20.0,200.0,600.0,1600.0,3000.0,180.0,200.0
여신_운전자금대출잔액_기준월,백만원,5941,5592,349,0.058744319138192225,공개,0.0,21.0,200.0,600.0,1600.0,3000.0,190.0,200.0
여신_시설자금대출잔액_기간중앙값,백만원,5941,5941,0,0.0,공개,0.0,0.0,0.0,400.0,2100.0,4100.0,0.0,0.0
여신_시설자금대출잔액_기준월,백만원,5941,5592,349,0.058744319138192225,공개,0.0,0.0,0.0,400.0,2100.0,4100.0,0.0,0.0
요구불입금금액_월중앙값,백만원,5941,5941,0,0.0,공개,0.055,5.9,28.0,100.0,300.0,620.0,27.0,30.0
요구불입금금액_완전기간합계,백만원,5941,5047,894,0.15047971721932335,공개,8.5,30.0,126.0,392.5,1061.2000000000016,2106.999999999998,118.0,133.90125
요구불출금금액_월중앙값,백만원,5941,5941,0,0.0,공개,2.05,9.1,41.0,140.0,390.0,770.0,38.0,44.0
요구불출금금액_완전기간합계,백만원,5941,5047,894,0.15047971721932335,공개,13.176000000000002,42.95,163.0,501.5,1300.0,2670.0,153.975,172.0
외환_수출실적금액_월중앙값,백만원,5941,5941,0,0.0,공개,0.0,0.0,0.0,0.0,0.0,0.0,0.0,0.0
외환_수출실적금액_완전기간합계,백만원,5941,5047,894,0.15047971721932335,공개,0.0,0.0,0.0,0.0,0.0,0.0,0.0,0.0
외환_수입실적금액_월중앙값,백만원,5941,5941,0,0.0,공개,0.0,0.0,0.0,0.0,0.0,0.0,0.0,0.0
외환_수입실적금액_완전기간합계,백만원,5941,5047,894,0.15047971721932335,공개,0.0,0.0,0.0,0.0,0.0,0.0,0.0,0.0
신용카드사용금액_월중앙값,백만원,5941,5941,0,0.0,공개,0.0,0.0,1.3,4.4,10.0,16.0,1.2,1.4
신용카드사용금액_완전기간합계,백만원,5941,5047,894,0.15047971721932335,공개,0.0,0.0,5.300000000000001,14.899999999999999,33.940000000000055,49.969999999999985,4.91975,5.7017500000000005
체크카드사용금액_월중앙값,백만원,5941,5941,0,0.0,공개,0.0,0.0,0.0,0.0,0.0,0.04,0.0,0.0
체크카드사용금액_완전기간합계,백만원,5941,5047,894,0.15047971721932335,공개,0.0,0.0,0.0,0.0,0.0,0.36699999999999816,0.0,0.0
현금성자산_기준월,백만원,5941,5592,349,0.058744319138192225,공개,0.0,0.28,4.9,41.625,200.0,506.45999999999947,4.3,5.5
현금성자산_월합산중앙값,백만원,5941,5941,0,0.0,공개,0.0,0.38,5.9,49.0,220.0,522.0,5.2,6.5025
여신잔액_기준월,백만원,5941,5592,349,0.058744319138192225,공개,14.0,97.75,400.0,1425.0,3900.0,7000.0,380.0,450.0
여신잔액_월합산중앙값,백만원,5941,5941,0,0.0,공개,9.6,92.0,400.0,1400.0,3900.0,7000.0,379.75,440.0
요구불예금잔액_현금성비중,비율,5941,5218,723,0.12169668405992257,공개,1.0,1.0,1.0,1.0,1.0,1.0,,
거치식예금잔액_현금성비중,비율,5941,5218,723,0.12169668405992257,공개,0.0,0.0,0.0,0.0,0.0,0.28414536695624265,,
적립식예금잔액_현금성비중,비율,5941,5218,723,0.12169668405992257,공개,0.0,0.0,0.0,0.0,0.0,0.0,,
시설자금_여신비중,비율,5941,5465,476,0.0801211917185659,공개,0.0,0.0,0.0,0.6013986013986014,1.0,1.0,,
보유상품수_기준월,영역수,5941,5592,349,0.058744319138192225,공개,1.0,2.0,2.0,3.0,4.0,5.0,,
이용채널수_기준월,영역수,5941,5592,349,0.058744319138192225,공개,1.0,2.0,2.0,3.0,4.0,5.0,,
영역_예금,0/1,5941,5941,0,0.0,공개,0.0,0.0,0.0,0.0,1.0,1.0,,
영역_투자연금,0/1,5941,5941,0,0.0,공개,0.0,0.0,0.0,0.0,1.0,1.0,,
영역_운전자금,0/1,5941,5941,0,0.0,공개,0.0,1.0,1.0,1.0,1.0,1.0,,
영역_시설자금,0/1,5941,5941,0,0.0,공개,0.0,0.0,0.0,1.0,1.0,1.0,,
영역_카드,0/1,5941,5941,0,0.0,공개,0.0,1.0,1.0,1.0,1.0,1.0,,
영역_외환,0/1,5941,5941,0,0.0,공개,0.0,0.0,0.0,0.0,0.0,1.0,,
영역_전자금융,0/1,5941,5941,0,0.0,공개,0.0,1.0,1.0,1.0,1.0,1.0,,
영역_자동이체,0/1,5941,5941,0,0.0,공개,1.0,1.0,1.0,1.0,1.0,1.0,,
영역_창구,0/1,5941,5941,0,0.0,공개,0.0,0.0,0.0,1.0,1.0,1.0,,
상품서비스영역수,영역수,5941,5941,0,0.0,공개,3.0,4.0,4.0,5.0,6.0,7.0,,
관측개월수,개,5941,5941,0,0.0,공개,2.0,3.0,3.0,3.0,3.0,3.0,,
관측률,비율,5941,5941,0,0.0,공개,0.6666666666666666,1.0,1.0,1.0,1.0,1.0,,
설명_기준월까지관측개월수,개,5941,5941,0,0.0,공개,14.0,15.0,16.0,21.0,25.0,27.0,,
설명_기준월까지달력노출개월수,개,5941,5941,0,0.0,공개,14.0,15.0,17.0,22.0,26.0,28.0,,
설명_신호판정가능개월수,개,5941,5941,0,0.0,공개,1.0,1.0,2.0,6.0,11.0,13.0,,
설명_기준월까지최근사건감소율,비율,5941,5941,0,0.0,공개,0.4269662921348315,0.4755555555555555,0.6024193548387097,0.8272528843155598,0.9755412328540737,0.9999843137254902,,
기준월까지_에피소드수,개,5941,5941,0,0.0,공개,1.0,1.0,1.0,1.0,1.0,1.0,,
사후설명_전체탐지기간_에피소드수,개,5941,5941,0,0.0,공개,1.0,1.0,1.0,2.0,2.0,2.0,,
