월,집계기준,금리항목,기준금리_월말(%),평균시장금리(%),iM뱅크금리(%),iM-시장(%p),시장-기준(%p),iM-기준(%p)
2025-12,잔액,대출 > 전체,2.50,4.23,4.25,0.02,1.73,1.75
2025-11,잔액,대출 > 전체,2.50,4.21,4.24,0.03,1.71,1.74
2025-10,잔액,대출 > 전체,2.50,4.21,4.23,0.02,1.71,1.73
2025-09,잔액,대출 > 전체,2.50,4.23,4.25,0.02,1.73,1.75
2025-08,잔액,대출 > 전체,2.50,4.27,4.29,0.02,1.77,1.79
2025-07,잔액,대출 > 전체,2.50,4.30,4.33,0.03,1.80,1.83
2025-06,잔액,대출 > 전체,2.50,4.35,4.38,0.03,1.85,1.88
2025-05,잔액,대출 > 전체,2.50,4.42,4.47,0.05,1.92,1.97
2025-04,잔액,대출 > 전체,2.75,4.48,4.53,0.05,1.73,1.78
2025-03,잔액,대출 > 전체,2.75,4.55,4.61,0.06,1.80,1.86
2025-02,잔액,대출 > 전체,2.75,4.62,4.69,0.07,1.87,1.94
2025-01,잔액,대출 > 전체,3.00,4.68,4.72,0.04,1.68,1.72
2024-12,잔액,대출 > 전체,3.00,4.73,4.77,0.04,1.73,1.77
2024-11,잔액,대출 > 전체,3.00,4.77,4.83,0.06,1.77,1.83
2024-10,잔액,대출 > 전체,3.25,4.79,4.86,0.07,1.54,1.61
2024-09,잔액,대출 > 전체,3.50,4.83,4.92,0.09,1.33,1.42
2024-08,잔액,대출 > 전체,3.50,4.87,4.99,0.12,1.37,1.49
2024-07,잔액,대출 > 전체,3.50,4.92,5.04,0.12,1.42,1.54
2024-06,잔액,대출 > 전체,3.50,4.96,5.08,0.12,1.46,1.58
2024-05,잔액,대출 > 전체,3.50,5.01,5.13,0.12,1.51,1.63
2024-04,잔액,대출 > 전체,3.50,5.05,5.17,0.12,1.55,1.67
2024-03,잔액,대출 > 전체,3.50,5.10,5.24,0.14,1.60,1.74
2024-02,잔액,대출 > 전체,3.50,5.15,5.29,0.14,1.65,1.79
2024-01,잔액,대출 > 전체,3.50,5.19,5.34,0.15,1.69,1.84
2023-12,잔액,대출 > 전체,3.50,5.21,5.36,0.15,1.71,1.86
2023-11,잔액,대출 > 전체,3.50,5.21,5.36,0.15,1.71,1.86
2023-10,잔액,대출 > 전체,3.50,5.19,5.32,0.13,1.69,1.82
2023-09,잔액,대출 > 전체,3.50,5.17,5.28,0.11,1.67,1.78
2023-08,잔액,대출 > 전체,3.50,5.17,5.26,0.09,1.67,1.76
2023-07,잔액,대출 > 전체,3.50,5.16,5.25,0.09,1.66,1.75
2023-06,잔액,대출 > 전체,3.50,5.15,5.23,0.08,1.65,1.73
2025-12,잔액,대출 > 기업,2.50,4.18,4.38,0.20,1.68,1.88
2025-11,잔액,대출 > 기업,2.50,4.15,4.35,0.20,1.65,1.85
2025-10,잔액,대출 > 기업,2.50,4.14,4.34,0.20,1.64,1.84
2025-09,잔액,대출 > 기업,2.50,4.16,4.35,0.19,1.66,1.85
2025-08,잔액,대출 > 기업,2.50,4.20,4.41,0.21,1.70,1.91
2025-07,잔액,대출 > 기업,2.50,4.25,4.45,0.20,1.75,1.95
2025-06,잔액,대출 > 기업,2.50,4.30,4.51,0.21,1.80,2.01
2025-05,잔액,대출 > 기업,2.50,4.38,4.63,0.25,1.88,2.13
2025-04,잔액,대출 > 기업,2.75,4.46,4.71,0.25,1.71,1.96
2025-03,잔액,대출 > 기업,2.75,4.54,4.79,0.25,1.79,2.04
2025-02,잔액,대출 > 기업,2.75,4.64,4.89,0.25,1.89,2.14
2025-01,잔액,대출 > 기업,3.00,4.72,4.94,0.22,1.72,1.94
2024-12,잔액,대출 > 기업,3.00,4.78,5.01,0.23,1.78,2.01
2024-11,잔액,대출 > 기업,3.00,4.82,5.08,0.26,1.82,2.08
2024-10,잔액,대출 > 기업,3.25,4.85,5.12,0.27,1.60,1.87
2024-09,잔액,대출 > 기업,3.50,4.89,5.18,0.29,1.39,1.68
2024-08,잔액,대출 > 기업,3.50,4.94,5.24,0.30,1.44,1.74
2024-07,잔액,대출 > 기업,3.50,4.99,5.28,0.29,1.49,1.78
2024-06,잔액,대출 > 기업,3.50,5.03,5.32,0.29,1.53,1.82
2024-05,잔액,대출 > 기업,3.50,5.08,5.38,0.30,1.58,1.88
2024-04,잔액,대출 > 기업,3.50,5.13,5.43,0.30,1.63,1.93
2024-03,잔액,대출 > 기업,3.50,5.18,5.52,0.34,1.68,2.02
2024-02,잔액,대출 > 기업,3.50,5.24,5.58,0.34,1.74,2.08
2024-01,잔액,대출 > 기업,3.50,5.29,5.62,0.33,1.79,2.12
2023-12,잔액,대출 > 기업,3.50,5.31,5.67,0.36,1.81,2.17
2023-11,잔액,대출 > 기업,3.50,5.31,5.67,0.36,1.81,2.17
2023-10,잔액,대출 > 기업,3.50,5.29,5.64,0.35,1.79,2.14
2023-09,잔액,대출 > 기업,3.50,5.28,5.60,0.32,1.78,2.10
2023-08,잔액,대출 > 기업,3.50,5.27,5.60,0.33,1.77,2.10
2023-07,잔액,대출 > 기업,3.50,5.26,5.59,0.33,1.76,2.09
2023-06,잔액,대출 > 기업,3.50,5.23,5.57,0.34,1.73,2.07
2025-12,잔액,수신 > 전체,2.50,2.00,1.82,-0.18,-0.50,-0.68
2025-11,잔액,수신 > 전체,2.50,2.02,1.83,-0.19,-0.48,-0.67
2025-10,잔액,수신 > 전체,2.50,2.03,1.89,-0.14,-0.47,-0.61
2025-09,잔액,수신 > 전체,2.50,2.04,1.91,-0.13,-0.46,-0.59
2025-08,잔액,수신 > 전체,2.50,2.08,1.94,-0.14,-0.42,-0.56
2025-07,잔액,수신 > 전체,2.50,2.12,2.00,-0.12,-0.38,-0.50
2025-06,잔액,수신 > 전체,2.50,2.15,2.04,-0.11,-0.35,-0.46
2025-05,잔액,수신 > 전체,2.50,2.23,2.12,-0.11,-0.27,-0.38
2025-04,잔액,수신 > 전체,2.75,2.27,2.15,-0.12,-0.48,-0.60
2025-03,잔액,수신 > 전체,2.75,2.30,2.16,-0.14,-0.45,-0.59
2025-02,잔액,수신 > 전체,2.75,2.38,2.24,-0.14,-0.37,-0.51
2025-01,잔액,수신 > 전체,3.00,2.40,2.32,-0.08,-0.60,-0.68
2024-12,잔액,수신 > 전체,3.00,2.44,2.35,-0.09,-0.56,-0.65
2024-11,잔액,수신 > 전체,3.00,2.53,2.39,-0.14,-0.47,-0.61
2024-10,잔액,수신 > 전체,3.25,2.57,2.43,-0.14,-0.68,-0.82
2024-09,잔액,수신 > 전체,3.50,2.59,2.43,-0.16,-0.91,-1.07
2024-08,잔액,수신 > 전체,3.50,2.60,2.43,-0.17,-0.90,-1.07
2024-07,잔액,수신 > 전체,3.50,2.61,2.47,-0.14,-0.89,-1.03
2024-06,잔액,수신 > 전체,3.50,2.60,2.40,-0.20,-0.90,-1.10
2024-05,잔액,수신 > 전체,3.50,2.63,2.43,-0.20,-0.87,-1.07
2024-04,잔액,수신 > 전체,3.50,2.63,2.41,-0.22,-0.87,-1.09
2024-03,잔액,수신 > 전체,3.50,2.60,2.37,-0.23,-0.90,-1.13
2024-02,잔액,수신 > 전체,3.50,2.65,2.37,-0.28,-0.85,-1.13
2024-01,잔액,수신 > 전체,3.50,2.69,2.42,-0.27,-0.81,-1.08
2023-12,잔액,수신 > 전체,3.50,2.68,2.47,-0.21,-0.82,-1.03
2023-11,잔액,수신 > 전체,3.50,2.73,2.52,-0.21,-0.77,-0.98
2023-10,잔액,수신 > 전체,3.50,2.72,2.48,-0.24,-0.78,-1.02
2023-09,잔액,수신 > 전체,3.50,2.68,2.48,-0.20,-0.82,-1.02
2023-08,잔액,수신 > 전체,3.50,2.67,2.50,-0.17,-0.83,-1.00
2023-07,잔액,수신 > 전체,3.50,2.64,2.43,-0.21,-0.86,-1.07
2023-06,잔액,수신 > 전체,3.50,2.59,2.38,-0.21,-0.91,-1.12
2025-12,신규취급액,대출 > 기업,2.50,4.16,4.28,0.12,1.66,1.78
2025-11,신규취급액,대출 > 기업,2.50,4.10,4.31,0.21,1.60,1.81
2025-10,신규취급액,대출 > 기업,2.50,3.96,4.26,0.30,1.46,1.76
2025-09,신규취급액,대출 > 기업,2.50,3.99,4.32,0.33,1.49,1.82
2025-08,신규취급액,대출 > 기업,2.50,4.03,4.34,0.31,1.53,1.84
2025-07,신규취급액,대출 > 기업,2.50,4.04,4.11,0.07,1.54,1.61
2025-06,신규취급액,대출 > 기업,2.50,4.06,4.26,0.20,1.56,1.76
2025-05,신규취급액,대출 > 기업,2.50,4.16,4.29,0.13,1.66,1.79
2025-04,신규취급액,대출 > 기업,2.75,4.14,4.45,0.31,1.39,1.70
2025-03,신규취급액,대출 > 기업,2.75,4.32,4.55,0.23,1.57,1.80
2025-02,신규취급액,대출 > 기업,2.75,4.43,4.60,0.17,1.68,1.85
2025-01,신규취급액,대출 > 기업,3.00,4.50,4.70,0.20,1.50,1.70
2024-12,신규취급액,대출 > 기업,3.00,4.62,4.92,0.30,1.62,1.92
2024-11,신규취급액,대출 > 기업,3.00,4.76,4.91,0.15,1.76,1.91
2024-10,신규취급액,대출 > 기업,3.25,4.71,5.01,0.30,1.46,1.76
2024-09,신규취급액,대출 > 기업,3.50,4.77,5.03,0.26,1.27,1.53
2024-08,신규취급액,대출 > 기업,3.50,4.67,5.05,0.38,1.17,1.55
2024-07,신규취급액,대출 > 기업,3.50,4.78,5.09,0.31,1.28,1.59
2024-06,신규취급액,대출 > 기업,3.50,4.88,5.25,0.37,1.38,1.75
2024-05,신규취급액,대출 > 기업,3.50,4.90,5.18,0.28,1.40,1.68
2024-04,신규취급액,대출 > 기업,3.50,4.88,5.03,0.15,1.38,1.53
2024-03,신규취급액,대출 > 기업,3.50,4.96,5.32,0.36,1.46,1.82
2024-02,신규취급액,대출 > 기업,3.50,5.03,5.35,0.32,1.53,1.85
2024-01,신규취급액,대출 > 기업,3.50,5.22,5.41,0.19,1.72,1.91
2023-12,신규취급액,대출 > 기업,3.50,5.29,5.74,0.45,1.79,2.24
2023-11,신규취급액,대출 > 기업,3.50,5.36,5.69,0.33,1.86,2.19
2023-10,신규취급액,대출 > 기업,3.50,5.33,5.74,0.41,1.83,2.24
2023-09,신규취급액,대출 > 기업,3.50,5.27,5.67,0.40,1.77,2.17
2023-08,신규취급액,대출 > 기업,3.50,5.21,5.50,0.29,1.71,2.00
2023-07,신규취급액,대출 > 기업,3.50,5.25,5.48,0.23,1.75,1.98
2023-06,신규취급액,대출 > 기업,3.50,5.32,5.60,0.28,1.82,2.10
2023-05,신규취급액,대출 > 기업,3.50,5.20,5.51,0.31,1.70,2.01
2023-04,신규취급액,대출 > 기업,3.50,5.09,5.40,0.31,1.59,1.90
2023-03,신규취급액,대출 > 기업,3.50,5.25,5.48,0.23,1.75,1.98
2023-02,신규취급액,대출 > 기업,3.50,5.36,5.69,0.33,1.86,2.19
2023-01,신규취급액,대출 > 기업,3.50,5.47,5.75,0.28,1.97,2.25
2025-12,신규취급액,수신 > 저축성,2.50,2.90,2.74,-0.16,0.40,0.24
2025-11,신규취급액,수신 > 저축성,2.50,2.80,2.64,-0.16,0.30,0.14
2025-10,신규취급액,수신 > 저축성,2.50,2.56,2.48,-0.08,0.06,-0.02
2025-09,신규취급액,수신 > 저축성,2.50,2.52,2.43,-0.09,0.02,-0.07
2025-08,신규취급액,수신 > 저축성,2.50,2.49,2.45,-0.04,-0.01,-0.05
2025-07,신규취급액,수신 > 저축성,2.50,2.51,2.41,-0.10,0.01,-0.09
2025-06,신규취급액,수신 > 저축성,2.50,2.55,2.52,-0.03,0.05,0.02
2025-05,신규취급액,수신 > 저축성,2.50,2.64,2.60,-0.04,0.14,0.10
2025-04,신규취급액,수신 > 저축성,2.75,2.72,2.68,-0.04,-0.03,-0.07
2025-03,신규취급액,수신 > 저축성,2.75,2.83,2.79,-0.04,0.08,0.04
2025-02,신규취급액,수신 > 저축성,2.75,2.97,2.94,-0.03,0.22,0.19
2025-01,신규취급액,수신 > 저축성,3.00,3.08,2.96,-0.12,0.08,-0.04
2024-12,신규취급액,수신 > 저축성,3.00,3.22,3.15,-0.07,0.22,0.15
2024-11,신규취급액,수신 > 저축성,3.00,3.36,3.24,-0.12,0.36,0.24
2024-10,신규취급액,수신 > 저축성,3.25,3.38,3.38,0.00,0.13,0.13
2024-09,신규취급액,수신 > 저축성,3.50,3.42,3.25,-0.17,-0.08,-0.25
2024-08,신규취급액,수신 > 저축성,3.50,3.37,3.32,-0.05,-0.13,-0.18
2024-07,신규취급액,수신 > 저축성,3.50,3.42,3.40,-0.02,-0.08,-0.10
2024-06,신규취급액,수신 > 저축성,3.50,3.50,3.45,-0.05,0.00,-0.05
2024-05,신규취급액,수신 > 저축성,3.50,3.54,3.55,0.01,0.04,0.05
2024-04,신규취급액,수신 > 저축성,3.50,3.52,3.49,-0.03,0.02,-0.01
2024-03,신규취급액,수신 > 저축성,3.50,3.56,3.48,-0.08,0.06,-0.02
2024-02,신규취급액,수신 > 저축성,3.50,3.61,3.55,-0.06,0.11,0.05
2024-01,신규취급액,수신 > 저축성,3.50,3.66,3.58,-0.08,0.16,0.08
2023-12,신규취급액,수신 > 저축성,3.50,3.84,3.70,-0.14,0.34,0.20
2023-11,신규취급액,수신 > 저축성,3.50,3.97,4.02,0.05,0.47,0.52
2023-10,신규취급액,수신 > 저축성,3.50,3.92,3.94,0.02,0.42,0.44
2023-09,신규취급액,수신 > 저축성,3.50,3.77,3.63,-0.14,0.27,0.13
2023-08,신규취급액,수신 > 저축성,3.50,3.61,3.59,-0.02,0.11,0.09
2023-07,신규취급액,수신 > 저축성,3.50,3.65,3.54,-0.11,0.15,0.04
2023-06,신규취급액,수신 > 저축성,3.50,3.66,3.30,-0.36,0.16,-0.20
2023-05,신규취급액,수신 > 저축성,3.50,3.52,3.35,-0.17,0.02,-0.15
2023-04,신규취급액,수신 > 저축성,3.50,3.41,3.32,-0.09,-0.09,-0.18
2023-03,신규취급액,수신 > 저축성,3.50,3.53,3.46,-0.07,0.03,-0.04
2023-02,신규취급액,수신 > 저축성,3.50,3.52,3.70,0.18,0.02,0.20
2023-01,신규취급액,수신 > 저축성,3.50,3.83,3.99,0.16,0.33,0.49
2025-12,신규취급액,수신 > 순수저축 > 정기 > 1년,2.50,2.89,2.72,-0.17,0.39,0.22
2025-11,신규취급액,수신 > 순수저축 > 정기 > 1년,2.50,2.85,2.58,-0.27,0.35,0.08
2025-10,신규취급액,수신 > 순수저축 > 정기 > 1년,2.50,2.58,2.44,-0.14,0.08,-0.06
2025-09,신규취급액,수신 > 순수저축 > 정기 > 1년,2.50,2.54,2.51,-0.03,0.04,0.01
2025-08,신규취급액,수신 > 순수저축 > 정기 > 1년,2.50,2.51,2.44,-0.07,0.01,-0.06
2025-07,신규취급액,수신 > 순수저축 > 정기 > 1년,2.50,2.52,2.42,-0.10,0.02,-0.08
2025-06,신규취급액,수신 > 순수저축 > 정기 > 1년,2.50,2.57,2.53,-0.04,0.07,0.03
2025-05,신규취급액,수신 > 순수저축 > 정기 > 1년,2.50,2.64,2.66,0.02,0.14,0.16
2025-04,신규취급액,수신 > 순수저축 > 정기 > 1년,2.75,2.73,2.77,0.04,-0.02,0.02
2025-03,신규취급액,수신 > 순수저축 > 정기 > 1년,2.75,2.89,2.85,-0.04,0.14,0.10
2025-02,신규취급액,수신 > 순수저축 > 정기 > 1년,2.75,2.98,3.02,0.04,0.23,0.27
2025-01,신규취급액,수신 > 순수저축 > 정기 > 1년,3.00,3.06,3.02,-0.04,0.06,0.02
2024-12,신규취급액,수신 > 순수저축 > 정기 > 1년,3.00,3.18,3.13,-0.05,0.18,0.13
2024-11,신규취급액,수신 > 순수저축 > 정기 > 1년,3.00,3.39,3.31,-0.08,0.39,0.31
2024-10,신규취급액,수신 > 순수저축 > 정기 > 1년,3.25,3.37,3.32,-0.05,0.12,0.07
2024-09,신규취급액,수신 > 순수저축 > 정기 > 1년,3.50,3.39,3.32,-0.07,-0.11,-0.18
2024-08,신규취급액,수신 > 순수저축 > 정기 > 1년,3.50,3.36,3.35,-0.01,-0.14,-0.15
2024-07,신규취급액,수신 > 순수저축 > 정기 > 1년,3.50,3.42,3.46,0.04,-0.08,-0.04
2024-06,신규취급액,수신 > 순수저축 > 정기 > 1년,3.50,3.54,3.54,0.00,0.04,0.04
2024-05,신규취급액,수신 > 순수저축 > 정기 > 1년,3.50,3.61,3.69,0.08,0.11,0.19
2024-04,신규취급액,수신 > 순수저축 > 정기 > 1년,3.50,3.56,3.61,0.05,0.06,0.11
2024-03,신규취급액,수신 > 순수저축 > 정기 > 1년,3.50,3.61,3.60,-0.01,0.11,0.10
2024-02,신규취급액,수신 > 순수저축 > 정기 > 1년,3.50,3.63,3.66,0.03,0.13,0.16
2024-01,신규취급액,수신 > 순수저축 > 정기 > 1년,3.50,3.65,3.70,0.05,0.15,0.20
2023-12,신규취급액,수신 > 순수저축 > 정기 > 1년,3.50,3.88,3.77,-0.11,0.38,0.27
2023-11,신규취급액,수신 > 순수저축 > 정기 > 1년,3.50,4.18,4.09,-0.09,0.68,0.59
2023-10,신규취급액,수신 > 순수저축 > 정기 > 1년,3.50,4.11,4.06,-0.05,0.61,0.56
2023-09,신규취급액,수신 > 순수저축 > 정기 > 1년,3.50,3.89,3.87,-0.02,0.39,0.37
2023-08,신규취급액,수신 > 순수저축 > 정기 > 1년,3.50,3.74,3.68,-0.06,0.24,0.18
2023-07,신규취급액,수신 > 순수저축 > 정기 > 1년,3.50,3.81,3.59,-0.22,0.31,0.09
2023-06,신규취급액,수신 > 순수저축 > 정기 > 1년,3.50,3.76,3.46,-0.30,0.26,-0.04
