묶음	변수명	한글명	계산식	사용_원본컬럼	시점	결측처리	사용단계	1차포함	주의사항	근거
종속	outcome	결과 3분류	이탈 / 회복 / 지속저조 (AGENTS §4 정의)	요구불입금금액	정답구간 t+1~t+6	판정 불가 시 행 제외	-	Y	이탈군은 관측이 끊겨 설명변수 상당수가 결측. 주 분석에서 분리	
종속	recovered	회복 여부	회복=1, 지속저조=0. 이탈 338개는 제외	요구불입금금액	정답구간 t+1~t+6	판정 불가 시 행 제외	-	Y	주 분석 종속변수. 이진 분류	
위축특성	감소율	전년동기 대비 감소율	(before_금액 - after_금액) / before_금액	요구불입금금액	t 및 t-12	before 또는 after 창 결측 시 행 제외	1·2·3·4	Y	정의상 전원 0.30 이상. 그 안의 차이(0.35 vs 0.80)를 본다	
위축특성	before_금액	기준 거래액	t-14 ~ t-12 요구불입금 3개월 평균	요구불입금금액	t-14~t-12	3개월 중 하나라도 미관측이면 결측	1	Y	10백만원 이상만 신호 대상. float64로 계산할 것	
위축특성	after_금액	현재 거래액	t-2 ~ t 요구불입금 3개월 평균	요구불입금금액	t-2~t	3개월 중 하나라도 미관측이면 결측	1	Y		
위축특성	감소_기울기	감소 속도	t-2, t-1, t 요구불입금의 선형 추세 기울기 / before_금액	요구불입금금액	t-2~t	3개월 모두 관측 시에만	1	N	급락형과 완만형을 구분. 회복 여부와 연관 가능	
위축특성	거래_변동성	평소 거래 변동성	std(요구불입금 t-14~t) / mean(요구불입금 t-14~t)	요구불입금금액	구간 t-14~t	관측된 달만으로 계산, 관측 6개월 미만이면 결측	1·2·3	Y	금액이 구간 반올림돼 소액 법인은 과대. 규모별로 확인 필요	VMware Tanzu(2021)
위축특성	감소_z	평소 변동 대비 감소폭	(before_금액 - after_금액) / std(요구불입금 t-14~t)	요구불입금금액	구간 t-14~t	거래_변동성 결측 시 결측	1·2	Y	변동성 큰 법인의 30% 감소는 정상 범위일 수 있음. 오경보 94%의 설명 후보	VMware Tanzu(2021)
위축특성	활동개월수	연중 활동 개월 수	t-11 ~ t 중 요구불입금금액 > 0 인 달의 수	요구불입금금액	구간 t-11~t	관측 개월 수를 함께 기록. 관측 8개월 미만이면 결측	1·2	Y	연 1~2개월만 거래하는 법인은 3개월 평균 자체가 의미 없음	
위축특성	거래집중도	거래 집중도	t-11~t 요구불입금 상위 3개월 합 / 12개월 합	요구불입금금액	구간 t-11~t	관측 8개월 미만이면 결측	1·2	Y	1에 가까우면 몰아서 거래하는 계절·수주형. 이 법인의 30% 감소는 위축이 아니라 타이밍 차이일 수 있음	
위축특성	직전_감소개월	감소 지속 기간	t 직전까지 전년동월 대비 감소가 연속된 개월 수	요구불입금금액	t 이전 연속	미관측 달에서 연속 중단	1	N	장기 감소 후 신호인지 갑작스러운 신호인지 구분	
위축특성	신호월	신호 발생 연월	t (YYYYMM)	기준년월	t	없음	1·2	N	시기 효과 확인용. 금리·업황 결합의 연결 키	
위축특성	신호_월계절	신호 발생 월	t의 월 (1~12)	기준년월	t	없음	1	N	전년동월 방식으로 계절 오염은 제거했으나 잔여 효과 점검	
체급	거래규모분위	거래 규모 5분위	before_금액의 5분위 (전체 신호 집단 기준)	요구불입금금액	t-14~t-12	before_금액 결측 시 결측	1·2·3	Y	금액 원값을 그대로 쓰면 왜도로 왜곡. 분위 또는 로그 사용	
체급	현금성자산	현금성자산	요구불예금잔액 + 거치식예금잔액 + 적립식예금잔액	요구불예금잔액|거치식예금잔액|적립식예금잔액	t	t월 미관측이면 결측	1	N	수익증권·신탁·퇴직연금은 투자성·인출제한이라 제외	
체급	여신잔액	여신 규모	여신_운전자금대출잔액 + 여신_시설자금대출잔액	여신_운전자금대출잔액|여신_시설자금대출잔액	t	t월 미관측이면 결측	1·4	N	금액 컬럼은 중복 없음. 좌수 쪽 합계 컬럼만 제외 대상	
체급	보유상품수	보유 상품 수	보유형 21개 중 _ord > 0 인 개수	보유형 좌수 20개|신용카드개수	t	t월 미관측이면 결측	1	N	금액 0으로 판정하지 말 것. _ord 로만 판정	
체급	등급	고객 등급	원본 등급 3범주	등급	t	t월 미관측이면 결측	1	N		
관계	이용채널수	이용 채널 수	활동형 8개 중 _ord > 0 인 개수	활동형 건수 8개	t	t월 미관측이면 결측	1·2·3·4	Y	회복률 29.5%→58.5% 단조 증가 확인. 규모 통제 후에도 남는지 검증 필요	
관계	채널수_변화	채널 수 변화	t월 이용채널수 - t-12월 이용채널수	활동형 건수 8개	변화 t vs t-12	양쪽 다 관측된 경우만	1	N		
관계	전담여부	전담 지정 여부	원본 Y/N	전담	t	t월 미관측이면 결측	1	N		
관계	거래기간	거래 기간	첫 관측월부터 t까지 개월 수	기준년월	t	없음	1	N	좌측 절단. 2023.01 이전 이력은 데이터에 없음	Norges Bank(2024)
관계	관측개월수	실제 관측 개월 수	t-14 ~ t 중 자료가 존재하는 달의 수	기준년월	구간 t-14~t	없음	1	N	갭보유와 중복 성격. 둘 중 하나만 모델에 넣을 것	
자금	현금버퍼	현금 버퍼 개월수	현금성자산 / before_금액	요구불예금잔액|거치식예금잔액|적립식예금잔액|요구불입금금액	t	구성 변수 결측 시 결측	1·2·3·4	Y	평소 거래액 몇 달치를 보유하는가. 회복 여력의 대리지표	
자금	레버리지	레버리지	여신잔액 / (현금성자산 + 1)	여신_운전자금대출잔액|여신_시설자금대출잔액|요구불예금잔액|거치식예금잔액|적립식예금잔액	t	구성 변수 결측 시 결측	1·4	N	분모 0 방지로 +1. 단위가 백만원이므로 영향 미미	
자금	여신보유	여신 보유 여부	여신잔액 > 0	여신_운전자금대출잔액|여신_시설자금대출잔액	t	t월 미관측이면 결측	1·2·3·4	N	전환비용 가설. 여신 보유 법인은 회복률이 높을 것으로 예상	Norges Bank(2024)
자금	여신_증감	여신 증감	t월 여신잔액 / t-12월 여신잔액	여신_운전자금대출잔액|여신_시설자금대출잔액	변화 t vs t-12	양쪽 다 관측된 경우만	1	N	t-12월 여신 0이면 결측 처리 (비율 정의 불가)	Dongwoo Kim(2024)
자금	출금입금비	순유출 여부	after 창 요구불출금 평균 / after 창 요구불입금 평균	요구불출금금액|요구불입금금액	t-2~t	3개월 모두 관측 시에만	1	N	1 초과면 순유출. 6단계에서 출금 컬럼 이미 적재 중	
자금	요구불_비중	요구불 비중	요구불예금잔액 / 현금성자산	요구불예금잔액|거치식예금잔액|적립식예금잔액	t	현금성자산 0이면 결측	1·2·4	Y	하락 + 총액 유지 = 은행 내 이동(이탈 아님), 하락 + 총액 감소 = 외부 유출	Barlow Research(2023)
자금	요구불비중_변화	요구불 비중 변화	t월 요구불_비중 - t-12월 요구불_비중	요구불예금잔액|거치식예금잔액|적립식예금잔액	변화 t vs t-12	양쪽 다 관측된 경우만	1·2·3·4	Y	금리 상승기 정기성 예금 이동을 위축으로 오판하는 것을 방지	Barlow Research(2023)
자금	현금성자산_증감	현금성자산 증감	t월 현금성자산 / t-12월 현금성자산	요구불예금잔액|거치식예금잔액|적립식예금잔액	변화 t vs t-12	양쪽 다 관측된 경우만	1·4	N	요구불_비중과 조합해 내부이동/외부유출/사업축소 3분류	FDIC(2026)
업종지역	업종5	업종 대분류 5그룹	제조업 / 도매 및 소매업 / 건설업 / 부동산업 / 기타	업종_대분류	고정	없음	1·2	N	기타 묶기는 groupby 합산으로. 라벨만 바꾸면 14개 그룹이 남는 버그 발생함	
업종지역	시도	소재 시도	원본 5범주	시도	고정	없음	1	N		
업종지역	업종내_상대감소	업종 내 상대 감소 위치	같은 업종5 · 같은 t 법인들의 감소율 분위 (5분위)	요구불입금금액|업종_대분류	t	해당 셀 법인 20개 미만이면 결측	1·2	N	고정 임계값(±20%)으로 3분할하면 전원 동일값이 됨. 반드시 분위로	
업종지역	업종_중앙감소율	업종 전체 감소율	같은 업종5 · 같은 t 전체 법인(신호 여부 무관) 감소율 중앙값	요구불입금금액|업종_대분류	t	해당 셀 법인 20개 미만이면 결측	1·2	N	업종 전체가 나빠서 줄었나, 업종은 괜찮은데 혼자 줄었나를 가름	
통제	갭보유	관측 공백 보유	t-14 ~ t 구간에 미관측 월이 존재	기준년월	구간 t-14~t	없음	1·2·3	Y	갭 법인 6,416개는 구조적으로 지속저조로 몰림. 반드시 통제할 것	
통제	갭개월수	관측 공백 개월 수	t-14 ~ t 중 미관측 월의 수	기준년월	구간 t-14~t	없음	1	N	갭 법인은 소규모 편중(요구불입금 중앙값 22 vs 41.5)	
외부	기준금리	기준금리	한국은행 기준금리 (t월)	-	t	없음	2	N	docs/금리_ECOS_202301_202512.csv 확보 완료. 월 축으로만 결합	
외부	기준금리_변화	기준금리 전년 대비 변화	t월 기준금리 - t-12월 기준금리	-	변화 t vs t-12	없음	2	N	수준보다 변화가 관계 종료와 연관. 2023~2025 급변 구간 포함	Dongwoo Kim(2024)
외부	업종생산지수	업종 경기 지수	업종5별 지수 (제조=광공업생산지수, 도소매·부동산=서비스업생산지수, 건설=건설기성액, 기타=전산업생산지수)	-	t	없음	2	N	KOSIS 미확보. 업종5 → KSIC 매핑표 별도 필요	
외부	업종생산지수_변화	업종 경기 변화	t월 지수 / t-12월 지수	-	변화 t vs t-12	없음	2	N	업종×월 결합은 같은 셀 법인이 전부 동일값. 단독 예측변수로 약하므로 상호작용으로 사용	Dongwoo Kim(2024)
