항목,내용
상태,"""완료"""
대상명,"""분석 기간 중 40% 이상 감소 신호가 발생한 법인"""
신호고정규칙,"{""threshold"": 0.4, ""before_floor"": 10.0, ""width"": 3, ""mode"": ""partial"", ""start"": ""202403"", ""end"": ""202506"", ""gap"": 2}"
자료,"""사용자 실행 자료"""
해석,"[""신호 경험은 실제 이탈·현재 약화 상태를 뜻하지 않음"", ""관측 노출기간이 다르므로 에피소드 수를 발생률로 해석하지 않음"", ""업종 구성비는 업종별 약화 확률이 아님; 대출 보유는 추가 수요가 아님"", ""군집분석·회복 판정·예측모형은 실행하지 않음""]"
완료절,"[""월별 입력 진단"", ""대상 선정"", ""법인 프로파일"", ""법인 EDA""]"
진행절,"""EDA"""
회귀확인,"""8176에피소드 / 5941법인 일치 (집계 일치만으로 동일성·완전성을 보장하지 않음)"""
세그먼트입력후보,"[""거치식예금좌수_기간보유"", ""적립식예금좌수_기간보유"", ""수익증권좌수_기간보유"", ""퇴직연금좌수_기간보유"", ""운전_할인어음좌수_기간보유"", ""운전_당좌대출좌수_기간보유"", ""운전_일반자금대출좌수_기간보유"", ""운전_무역금융좌수_기간보유"", ""운전_기업구매자금대출좌수_기간보유"", ""운전_외상매출채권담보대출좌수_기간보유"", ""운전_기타운전자금대출좌수_기간보유"", ""시설_일반자금대출좌수_기간보유"", ""시설_에너지절약시설대출좌수_기간보유"", ""시설_기타시설자금대출좌수_기간보유"", ""신용카드개수_기간보유"", ""외환_수출실적거래건수_관측월이용경험"", ""외환_수입실적거래건수_관측월이용경험"", ""창구거래건수_관측월이용경험"", ""인터넷뱅킹거래건수_관측월이용경험"", ""스마트뱅킹거래건수_관측월이용경험"", ""폰뱅킹거래건수_관측월이용경험"", ""ATM거래건수_관측월이용경험"", ""자동이체거래건수_관측월이용경험"", ""요구불예금잔액_현금성비중"", ""거치식예금잔액_현금성비중"", ""적립식예금잔액_현금성비중"", ""시설자금_여신비중""]"
세그먼트안내,"""변수 역할만 준비. 상관·중복·결측과 금액 영향 검토 후 별도 군집분석; 군집수·명칭 미지정"""
신뢰구간,"""법인 단위 재표집 percentile 95% CI. 한 법인 한 행으로 에피소드 수에 의한 가중 없음"""
