이용조합,법인수,분모_전체법인,비율
예금:미이용 / 투자연금:미이용 / 운전자금:이용 / 시설자금:미이용 / 카드:이용 / 외환:미이용 / 전자금융:이용 / 자동이체:이용 / 창구:미이용,1390,5941,0.23396734556471974
예금:미이용 / 투자연금:미이용 / 운전자금:이용 / 시설자금:미이용 / 카드:이용 / 외환:미이용 / 전자금융:이용 / 자동이체:이용 / 창구:이용,493,5941,0.08298266285137182
예금:미이용 / 투자연금:미이용 / 운전자금:이용 / 시설자금:이용 / 카드:이용 / 외환:미이용 / 전자금융:이용 / 자동이체:이용 / 창구:미이용,440,5941,0.074061605790271
예금:미이용 / 투자연금:미이용 / 운전자금:이용 / 시설자금:미이용 / 카드:미이용 / 외환:미이용 / 전자금융:이용 / 자동이체:이용 / 창구:미이용,313,5941,0.052684733209897326
예금:미이용 / 투자연금:미이용 / 운전자금:미이용 / 시설자금:이용 / 카드:이용 / 외환:미이용 / 전자금융:이용 / 자동이체:이용 / 창구:미이용,264,5941,0.0444369634741626
예금:미이용 / 투자연금:이용 / 운전자금:이용 / 시설자금:미이용 / 카드:이용 / 외환:미이용 / 전자금융:이용 / 자동이체:이용 / 창구:이용,226,5941,0.03804073388318465
예금:미이용 / 투자연금:미이용 / 운전자금:이용 / 시설자금:미이용 / 카드:이용 / 외환:미이용 / 전자금융:미이용 / 자동이체:이용 / 창구:미이용,212,5941,0.0356842282444033
예금:미이용 / 투자연금:이용 / 운전자금:이용 / 시설자금:미이용 / 카드:이용 / 외환:미이용 / 전자금융:이용 / 자동이체:이용 / 창구:미이용,211,5941,0.03551590641306177
예금:미이용 / 투자연금:이용 / 운전자금:이용 / 시설자금:이용 / 카드:이용 / 외환:미이용 / 전자금융:이용 / 자동이체:이용 / 창구:미이용,191,5941,0.032149469786231274
예금:미이용 / 투자연금:미이용 / 운전자금:이용 / 시설자금:이용 / 카드:이용 / 외환:미이용 / 전자금융:이용 / 자동이체:이용 / 창구:이용,158,5941,0.02659484935196095
예금:미이용 / 투자연금:미이용 / 운전자금:이용 / 시설자금:미이용 / 카드:미이용 / 외환:미이용 / 전자금융:미이용 / 자동이체:이용 / 창구:미이용,147,5941,0.024743309207204175
예금:미이용 / 투자연금:미이용 / 운전자금:미이용 / 시설자금:이용 / 카드:미이용 / 외환:미이용 / 전자금융:이용 / 자동이체:이용 / 창구:미이용,97,5941,0.016327217640127924
예금:미이용 / 투자연금:이용 / 운전자금:이용 / 시설자금:이용 / 카드:이용 / 외환:미이용 / 전자금융:이용 / 자동이체:이용 / 창구:이용,94,5941,0.01582225214610335
예금:이용 / 투자연금:미이용 / 운전자금:이용 / 시설자금:미이용 / 카드:이용 / 외환:미이용 / 전자금융:이용 / 자동이체:이용 / 창구:미이용,90,5941,0.01514896482073725
예금:이용 / 투자연금:미이용 / 운전자금:이용 / 시설자금:미이용 / 카드:이용 / 외환:미이용 / 전자금융:이용 / 자동이체:이용 / 창구:이용,86,5941,0.01447567749537115
예금:미이용 / 투자연금:미이용 / 운전자금:미이용 / 시설자금:이용 / 카드:이용 / 외환:미이용 / 전자금융:이용 / 자동이체:이용 / 창구:이용,67,5941,0.011277562699882174
예금:미이용 / 투자연금:미이용 / 운전자금:이용 / 시설자금:미이용 / 카드:이용 / 외환:이용 / 전자금융:이용 / 자동이체:이용 / 창구:미이용,63,5941,0.010604275374516074
예금:미이용 / 투자연금:미이용 / 운전자금:이용 / 시설자금:미이용 / 카드:미이용 / 외환:미이용 / 전자금융:이용 / 자동이체:이용 / 창구:이용,61,5941,0.010267631711833024
예금:이용 / 투자연금:이용 / 운전자금:이용 / 시설자금:미이용 / 카드:이용 / 외환:미이용 / 전자금융:이용 / 자동이체:이용 / 창구:이용,55,5941,0.009257700723783875
예금:미이용 / 투자연금:미이용 / 운전자금:이용 / 시설자금:이용 / 카드:미이용 / 외환:미이용 / 전자금융:이용 / 자동이체:이용 / 창구:미이용,50,5941,0.00841609156707625
예금:미이용 / 투자연금:미이용 / 운전자금:이용 / 시설자금:이용 / 카드:이용 / 외환:미이용 / 전자금융:미이용 / 자동이체:이용 / 창구:미이용,45,5941,0.007574482410368625
예금:이용 / 투자연금:이용 / 운전자금:이용 / 시설자금:이용 / 카드:이용 / 외환:미이용 / 전자금융:이용 / 자동이체:이용 / 창구:이용,45,5941,0.007574482410368625
예금:미이용 / 투자연금:미이용 / 운전자금:이용 / 시설자금:미이용 / 카드:미이용 / 외환:미이용 / 전자금융:미이용 / 자동이체:미이용 / 창구:미이용,42,5941,0.00706951691634405
예금:이용 / 투자연금:이용 / 운전자금:이용 / 시설자금:이용 / 카드:이용 / 외환:미이용 / 전자금융:이용 / 자동이체:이용 / 창구:미이용,41,5941,0.006901195085002525
예금:미이용 / 투자연금:미이용 / 운전자금:이용 / 시설자금:미이용 / 카드:이용 / 외환:미이용 / 전자금융:미이용 / 자동이체:미이용 / 창구:미이용,41,5941,0.006901195085002525
예금:이용 / 투자연금:이용 / 운전자금:이용 / 시설자금:미이용 / 카드:이용 / 외환:미이용 / 전자금융:이용 / 자동이체:이용 / 창구:미이용,39,5941,0.006564551422319475
예금:미이용 / 투자연금:미이용 / 운전자금:미이용 / 시설자금:이용 / 카드:미이용 / 외환:미이용 / 전자금융:미이용 / 자동이체:이용 / 창구:미이용,37,5941,0.0062279077596364245
예금:미이용 / 투자연금:미이용 / 운전자금:이용 / 시설자금:이용 / 카드:이용 / 외환:이용 / 전자금융:이용 / 자동이체:이용 / 창구:미이용,36,5941,0.006059585928294899
예금:미이용 / 투자연금:미이용 / 운전자금:이용 / 시설자금:미이용 / 카드:이용 / 외환:이용 / 전자금융:이용 / 자동이체:이용 / 창구:이용,35,5941,0.005891264096953375
예금:미이용 / 투자연금:미이용 / 운전자금:이용 / 시설자금:미이용 / 카드:미이용 / 외환:미이용 / 전자금융:이용 / 자동이체:미이용 / 창구:미이용,32,5941,0.0053862986029288
예금:미이용 / 투자연금:미이용 / 운전자금:미이용 / 시설자금:이용 / 카드:이용 / 외환:미이용 / 전자금융:미이용 / 자동이체:이용 / 창구:미이용,31,5941,0.005217976771587275
예금:미이용 / 투자연금:이용 / 운전자금:이용 / 시설자금:이용 / 카드:이용 / 외환:이용 / 전자금융:이용 / 자동이체:이용 / 창구:미이용,31,5941,0.005217976771587275
예금:미이용 / 투자연금:이용 / 운전자금:이용 / 시설자금:이용 / 카드:이용 / 외환:이용 / 전자금융:이용 / 자동이체:이용 / 창구:이용,29,5941,0.004881333108904225
예금:미이용 / 투자연금:이용 / 운전자금:이용 / 시설자금:미이용 / 카드:미이용 / 외환:미이용 / 전자금융:이용 / 자동이체:이용 / 창구:미이용,29,5941,0.004881333108904225
예금:미이용 / 투자연금:이용 / 운전자금:이용 / 시설자금:미이용 / 카드:이용 / 외환:이용 / 전자금융:이용 / 자동이체:이용 / 창구:이용,29,5941,0.004881333108904225
예금:미이용 / 투자연금:이용 / 운전자금:이용 / 시설자금:미이용 / 카드:이용 / 외환:미이용 / 전자금융:미이용 / 자동이체:이용 / 창구:미이용,25,5941,0.004208045783538125
예금:미이용 / 투자연금:미이용 / 운전자금:이용 / 시설자금:이용 / 카드:이용 / 외환:이용 / 전자금융:이용 / 자동이체:이용 / 창구:이용,25,5941,0.004208045783538125
예금:미이용 / 투자연금:이용 / 운전자금:이용 / 시설자금:미이용 / 카드:이용 / 외환:이용 / 전자금융:이용 / 자동이체:이용 / 창구:미이용,25,5941,0.004208045783538125
예금:이용 / 투자연금:미이용 / 운전자금:이용 / 시설자금:이용 / 카드:이용 / 외환:미이용 / 전자금융:이용 / 자동이체:이용 / 창구:미이용,24,5941,0.0040397239521966
예금:이용 / 투자연금:미이용 / 운전자금:이용 / 시설자금:이용 / 카드:이용 / 외환:미이용 / 전자금융:이용 / 자동이체:이용 / 창구:이용,23,5941,0.003871402120855075
예금:미이용 / 투자연금:이용 / 운전자금:미이용 / 시설자금:이용 / 카드:이용 / 외환:미이용 / 전자금융:이용 / 자동이체:이용 / 창구:미이용,23,5941,0.003871402120855075
예금:미이용 / 투자연금:미이용 / 운전자금:이용 / 시설자금:이용 / 카드:미이용 / 외환:미이용 / 전자금융:미이용 / 자동이체:이용 / 창구:미이용,21,5941,0.003534758458172025
예금:이용 / 투자연금:미이용 / 운전자금:이용 / 시설자금:미이용 / 카드:이용 / 외환:이용 / 전자금융:이용 / 자동이체:이용 / 창구:미이용,20,5941,0.0033664366268305
예금:이용 / 투자연금:미이용 / 운전자금:미이용 / 시설자금:이용 / 카드:이용 / 외환:미이용 / 전자금융:이용 / 자동이체:이용 / 창구:미이용,19,5941,0.0031981147954889748
예금:미이용 / 투자연금:미이용 / 운전자금:미이용 / 시설자금:이용 / 카드:미이용 / 외환:미이용 / 전자금융:이용 / 자동이체:이용 / 창구:이용,19,5941,0.0031981147954889748
예금:이용 / 투자연금:이용 / 운전자금:이용 / 시설자금:미이용 / 카드:이용 / 외환:이용 / 전자금융:이용 / 자동이체:이용 / 창구:이용,16,5941,0.0026931493014644
예금:미이용 / 투자연금:미이용 / 운전자금:이용 / 시설자금:이용 / 카드:미이용 / 외환:미이용 / 전자금융:이용 / 자동이체:이용 / 창구:이용,16,5941,0.0026931493014644
예금:미이용 / 투자연금:미이용 / 운전자금:미이용 / 시설자금:미이용 / 카드:이용 / 외환:미이용 / 전자금융:이용 / 자동이체:이용 / 창구:미이용,16,5941,0.0026931493014644
예금:이용 / 투자연금:이용 / 운전자금:이용 / 시설자금:이용 / 카드:이용 / 외환:이용 / 전자금융:이용 / 자동이체:이용 / 창구:이용,14,5941,0.00235650563878135
예금:미이용 / 투자연금:이용 / 운전자금:미이용 / 시설자금:이용 / 카드:이용 / 외환:미이용 / 전자금융:이용 / 자동이체:이용 / 창구:이용,12,5941,0.0020198619760983
예금:미이용 / 투자연금:미이용 / 운전자금:이용 / 시설자금:미이용 / 카드:미이용 / 외환:이용 / 전자금융:이용 / 자동이체:이용 / 창구:미이용,12,5941,0.0020198619760983
예금:미이용 / 투자연금:미이용 / 운전자금:이용 / 시설자금:미이용 / 카드:이용 / 외환:미이용 / 전자금융:미이용 / 자동이체:이용 / 창구:이용,12,5941,0.0020198619760983
예금:이용 / 투자연금:미이용 / 운전자금:이용 / 시설자금:미이용 / 카드:이용 / 외환:미이용 / 전자금융:미이용 / 자동이체:이용 / 창구:미이용,12,5941,0.0020198619760983
예금:이용 / 투자연금:미이용 / 운전자금:이용 / 시설자금:미이용 / 카드:미이용 / 외환:미이용 / 전자금융:이용 / 자동이체:이용 / 창구:미이용,12,5941,0.0020198619760983
예금:미이용 / 투자연금:이용 / 운전자금:이용 / 시설자금:미이용 / 카드:미이용 / 외환:미이용 / 전자금융:이용 / 자동이체:이용 / 창구:이용,11,5941,0.001851540144756775
예금:이용 / 투자연금:미이용 / 운전자금:미이용 / 시설자금:이용 / 카드:이용 / 외환:미이용 / 전자금융:이용 / 자동이체:이용 / 창구:이용,10,5941,0.00168321831341525
예금:미이용 / 투자연금:미이용 / 운전자금:미이용 / 시설자금:미이용 / 카드:미이용 / 외환:미이용 / 전자금융:이용 / 자동이체:이용 / 창구:미이용,10,5941,0.00168321831341525
기타 조합(소수 조합명 비공개),314,5941,0.05285305504123885
