지표,값,표시,설명
법인ID×기준년월 중복 참여 행,0,공개,
월별 자료 행,365988,공개,
월별 자료 고유 법인,15473,공개,
월별 셀 결측: 요구불예금잔액,0,공개,행이 있는 달의 셀 결측. 없는 달과 구분
월별 셀 결측: 거치식예금잔액,0,공개,행이 있는 달의 셀 결측. 없는 달과 구분
월별 셀 결측: 적립식예금잔액,0,공개,행이 있는 달의 셀 결측. 없는 달과 구분
월별 셀 결측: 수익증권잔액,0,공개,행이 있는 달의 셀 결측. 없는 달과 구분
월별 셀 결측: 퇴직연금잔액,0,공개,행이 있는 달의 셀 결측. 없는 달과 구분
월별 셀 결측: 여신_운전자금대출잔액,0,공개,행이 있는 달의 셀 결측. 없는 달과 구분
월별 셀 결측: 여신_시설자금대출잔액,0,공개,행이 있는 달의 셀 결측. 없는 달과 구분
월별 셀 결측: 요구불입금금액,0,공개,행이 있는 달의 셀 결측. 없는 달과 구분
월별 셀 결측: 요구불출금금액,0,공개,행이 있는 달의 셀 결측. 없는 달과 구분
월별 셀 결측: 외환_수출실적금액,0,공개,행이 있는 달의 셀 결측. 없는 달과 구분
월별 셀 결측: 외환_수입실적금액,0,공개,행이 있는 달의 셀 결측. 없는 달과 구분
월별 셀 결측: 신용카드사용금액,0,공개,행이 있는 달의 셀 결측. 없는 달과 구분
월별 셀 결측: 체크카드사용금액,0,공개,행이 있는 달의 셀 결측. 없는 달과 구분
월별 셀 결측: 거치식예금좌수_ord,0,공개,행이 있는 달의 셀 결측. 없는 달과 구분
월별 셀 결측: 적립식예금좌수_ord,0,공개,행이 있는 달의 셀 결측. 없는 달과 구분
월별 셀 결측: 수익증권좌수_ord,0,공개,행이 있는 달의 셀 결측. 없는 달과 구분
월별 셀 결측: 퇴직연금좌수_ord,0,공개,행이 있는 달의 셀 결측. 없는 달과 구분
월별 셀 결측: 운전_할인어음좌수_ord,0,공개,행이 있는 달의 셀 결측. 없는 달과 구분
월별 셀 결측: 운전_당좌대출좌수_ord,0,공개,행이 있는 달의 셀 결측. 없는 달과 구분
월별 셀 결측: 운전_일반자금대출좌수_ord,0,공개,행이 있는 달의 셀 결측. 없는 달과 구분
월별 셀 결측: 운전_무역금융좌수_ord,0,공개,행이 있는 달의 셀 결측. 없는 달과 구분
월별 셀 결측: 운전_기업구매자금대출좌수_ord,0,공개,행이 있는 달의 셀 결측. 없는 달과 구분
월별 셀 결측: 운전_외상매출채권담보대출좌수_ord,0,공개,행이 있는 달의 셀 결측. 없는 달과 구분
월별 셀 결측: 운전_기타운전자금대출좌수_ord,0,공개,행이 있는 달의 셀 결측. 없는 달과 구분
월별 셀 결측: 시설_일반자금대출좌수_ord,0,공개,행이 있는 달의 셀 결측. 없는 달과 구분
월별 셀 결측: 시설_에너지절약시설대출좌수_ord,0,공개,행이 있는 달의 셀 결측. 없는 달과 구분
월별 셀 결측: 시설_기타시설자금대출좌수_ord,0,공개,행이 있는 달의 셀 결측. 없는 달과 구분
월별 셀 결측: 신용카드개수_ord,0,공개,행이 있는 달의 셀 결측. 없는 달과 구분
월별 셀 결측: 외환_수출실적거래건수_ord,0,공개,행이 있는 달의 셀 결측. 없는 달과 구분
월별 셀 결측: 외환_수입실적거래건수_ord,0,공개,행이 있는 달의 셀 결측. 없는 달과 구분
월별 셀 결측: 창구거래건수_ord,0,공개,행이 있는 달의 셀 결측. 없는 달과 구분
월별 셀 결측: 인터넷뱅킹거래건수_ord,0,공개,행이 있는 달의 셀 결측. 없는 달과 구분
월별 셀 결측: 스마트뱅킹거래건수_ord,0,공개,행이 있는 달의 셀 결측. 없는 달과 구분
월별 셀 결측: 폰뱅킹거래건수_ord,0,공개,행이 있는 달의 셀 결측. 없는 달과 구분
월별 셀 결측: ATM거래건수_ord,0,공개,행이 있는 달의 셀 결측. 없는 달과 구분
월별 셀 결측: 자동이체거래건수_ord,0,공개,행이 있는 달의 셀 결측. 없는 달과 구분
상류 기존 탐지기 신호 법인월 행,26037,공개,에피소드 수가 아니라 실제 신호 월 행 수. 결과 판정 호출 없음
상류 기존 탐지기 에피소드 결과 행,8176,공개,
고유 에피소드,8176,공개,
고유 대상 법인_전체탐지기간,5941,공개,
월별 자료와 매칭되지 않는 대상 법인,0,공개,
선정 대상 법인,5941,공개,전체 탐지기간
